Sub_Sektor,No,Nama_Perusahaan,Tahun,Current_Ratio,Cash_Ratio,DAR,DER,NPM,ROA,ROE,Kepemilikan_Mayoritas,Komisaris_Independen,Insider_Ownership,BoC_Size,BoC_Education,TMT_Size_DK,TMT_Size_DD,TMT_Education_DK,TMT_Education_DD,Total_Asset,Pertumbuhan_Revenue,Z_Score_X1,Z_Score_X2,Z_Score_X3,Z_Score_X4,Z_Score,Label
Asuransi Jiwa,2,PT AIA Financial,2015,0.52,0.18,0.79,3.85,0.09,0.03,0.13,0.8,2,0.0,4,0,4,5,0,0,31860954000000,-0.248,-0.1817,0.5921,0.3478,0.2727,1.031,Potensi Bangkrut
Asuransi Jiwa,2,PT AIA Financial,2016,0.53,0.18,0.78,3.61,0.09,0.03,0.15,0.8,2,0.0,4,0,4,5,0,0,35767906000000,0.4761,-0.1806,0.6244,0.1943,0.2912,0.9293,Potensi Bangkrut
Asuransi Jiwa,2,PT AIA Financial,2017,0.41,0.15,0.76,3.25,0.1,0.03,0.15,0.95,2,0.0,4,0,4,5,0,0,44937292000000,0.1703,-0.267,0.5252,0.0811,0.3226,0.6619,Potensi Bangkrut
Asuransi Jiwa,2,PT AIA Financial,2018,0.45,0.22,0.76,3.22,0.08,0.02,0.1,0.95,2,0.0,4,0,4,5,0,0,46562563000000,-0.1763,-0.2564,0.5998,0.3103,0.3258,0.9795,Potensi Bangkrut
Asuransi Jiwa,2,PT AIA Financial,2019,0.59,0.3,0.76,3.22,0.14,0.04,0.18,0.95,2,0.0,4,0,4,4,0,0,50043024000000,0.2158,-0.1808,0.5149,0.0604,0.3265,0.721,Potensi Bangkrut
Asuransi Jiwa,2,PT AIA Financial,2020,0.6,0.35,0.78,3.52,-0.03,-0.01,-0.03,0.95,2,0.0,4,0,4,4,0,0,53134780000000,0.0073,-0.1792,0.433,0.0909,0.2985,0.6432,Potensi Bangkrut
Asuransi Jiwa,2,PT AIA Financial,2021,0.67,0.35,0.77,3.41,-0.04,-0.01,-0.05,0.95,1,0.0,3,0,3,4,0,0,52330016000000,0.0008,-0.1421,0.4064,0.1469,0.3076,0.7187,Potensi Bangkrut
Asuransi Jiwa,2,PT AIA Financial,2022,0.68,0.37,0.82,4.46,-0.07,-0.02,-0.1,0.95,1,0.0,3,0,3,4,0,0,44912325000000,-0.2376,-0.1778,0.4067,0.3973,0.2356,0.8617,Potensi Bangkrut
Asuransi Jiwa,2,PT AIA Financial,2023,0.67,0.25,0.81,4.19,0.07,0.02,0.11,0.95,2,0.0,4,0,4,5,0,0,41785302000000,0.0823,-0.1738,0.4696,0.2694,0.2505,0.8156,Potensi Bangkrut
Asuransi Jiwa,2,PT AIA Financial,2024,0.75,0.36,0.78,3.48,0.14,0.04,0.16,0.95,1,0.0,3,0,3,5,0,0,39899482000000,-0.2194,-0.1203,0.5969,0.3013,0.302,1.08,Potensi Bangkrut
Asuransi Jiwa,3,PT Asuransi Allianz Life Indonesia,2015,1.03,0.69,0.83,5.26,0.09,0.03,0.19,1.0,2,0.0,3,0,3,4,0,0,27635118000000,-0.3044,0.0054,0.3661,0.2198,0.1996,0.791,Potensi Bangkrut
Asuransi Jiwa,3,PT Asuransi Allianz Life Indonesia,2016,0.98,0.57,0.81,4.54,0.08,0.03,0.17,1.0,2,0.0,3,0,3,4,0,0,30294789000000,0.3234,-0.0035,0.4301,0.2009,0.2312,0.8588,Potensi Bangkrut
Asuransi Jiwa,3,PT Asuransi Allianz Life Indonesia,2017,0.93,0.32,0.77,4.56,0.05,0.02,0.11,1.0,2,0.0,4,0,4,5,0,0,35751863000000,0.1697,-0.0151,0.3932,0.0619,0.23,0.6701,Potensi Bangkrut
Asuransi Jiwa,3,PT Asuransi Allianz Life Indonesia,2018,0.91,0.28,0.77,4.73,0.01,0.0,0.02,1.0,2,0.0,3,0,3,6,0,0,35266933000000,-0.2083,-0.0263,0.4379,0.1715,0.2218,0.8049,Potensi Bangkrut
Asuransi Jiwa,3,PT Asuransi Allianz Life Indonesia,2019,1.53,0.46,0.78,4.57,0.1,0.04,0.23,1.0,2,0.0,3,0,3,6,0,0,38345233000000,0.4389,0.1169,0.4389,0.2676,0.2299,1.0533,Potensi Bangkrut
Asuransi Jiwa,3,PT Asuransi Allianz Life Indonesia,2020,1.76,0.52,0.77,4.49,0.06,0.03,0.16,1.0,2,0.0,3,8,3,6,8,14,41166712000000,0.2415,0.1755,0.475,0.2761,0.2339,1.1605,Area abu-abu
Asuransi Jiwa,3,PT Asuransi Allianz Life Indonesia,2021,1.85,0.51,0.79,4.87,0.02,0.01,0.06,1.0,2,0.0,4,9,4,5,9,11,42808931000000,0.1017,0.2009,0.4531,0.0881,0.2154,0.9576,Potensi Bangkrut
Asuransi Jiwa,3,PT Asuransi Allianz Life Indonesia,2022,1.47,0.4,0.78,4.44,0.01,0.0,0.01,1.0,2,0.0,3,8,3,4,8,8,41194961000000,-0.3147,0.1737,0.5348,0.0974,0.2363,1.0421,Potensi Bangkrut
Asuransi Jiwa,3,PT Asuransi Allianz Life Indonesia,2023,1.38,0.49,0.79,4.78,0.03,0.01,0.07,1.0,2,0.0,4,8,4,4,8,10,40147448000000,0.2233,0.1598,0.4997,0.0623,0.2199,0.9417,Potensi Bangkrut
Asuransi Jiwa,3,PT Asuransi Allianz Life Indonesia,2024,0.95,0.51,0.78,4.16,0.05,0.02,0.13,1.0,2,0.0,4,8,4,3,8,6,39131978000000,0.0466,-0.0251,0.5777,0.2134,0.2524,1.0184,Potensi Bangkrut
Asuransi Jiwa,4,PT Asuransi Allianz Life Syariah Indonesia,2022,0.8,0.34,0.21,0.6,0.36,0.09,0.26,0.0,0,0.0,0,0,0,0,0,0,4337827000000,0.0,-0.1595,-0.0001,0.5927,1.7631,2.1961,Area abu-abu
Asuransi Jiwa,4,PT Asuransi Allianz Life Syariah Indonesia,2023,1.42,0.48,0.24,0.91,0.19,0.06,0.24,1.0,2,0.0,3,0,3,3,0,0,3620310000000,0.138,0.3256,-0.0207,0.4105,1.1596,1.875,Area abu-abu
Asuransi Jiwa,4,PT Asuransi Allianz Life Syariah Indonesia,2024,0.79,0.43,0.27,0.94,0.05,0.02,0.06,0.99,2,0.0,3,0,3,3,0,0,3339322000000,-0.0717,-0.1541,0.0641,0.1407,1.1127,1.1634,Area abu-abu
Asuransi Jiwa,5,PT Asuransi BRI Life,2015,2.2,0.15,0.73,0.73,0.0,0.0,0.0,0.0,0,0.0,0,0,0,0,0,0,4933308738000,0.0,0.3401,0.7796,0,1.4357,2.5553,Area abu-abu
Asuransi Jiwa,5,PT Asuransi BRI Life,2016,2.95,0.36,0.73,0.73,0.09,0.05,0.05,0.0,0,0.0,0,0,0,0,0,0,6176329027000,0.0,0.2748,0.7356,0.2236,1.4371,2.6711,Perusahaan Sehat
Asuransi Jiwa,5,PT Asuransi BRI Life,2017,2.84,0.3,0.73,0.08,0.12,10.39,0.26,0.91,3,0.0,5,13,5,6,13,17,8162691116000,0.2431,0.252,0.6732,0.2927,0.3692,1.587,Area abu-abu
Asuransi Jiwa,5,PT Asuransi BRI Life,2018,1.55,0.17,0.75,3.15,0.06,0.03,0.13,0.91,2,0.0,5,13,5,6,13,16,9356504263000,0.1065,0.1411,0.7393,0.5632,0.3332,1.7767,Area abu-abu
Asuransi Jiwa,5,PT Asuransi BRI Life,2019,1.57,0.21,0.76,3.28,0.08,0.04,0.18,0.91,3,0.0,6,16,6,6,16,16,11084971000000,0.1639,0.1093,0.6838,0.2038,0.3202,1.3171,Area abu-abu
Asuransi Jiwa,5,PT Asuransi BRI Life,2020,2.83,0.37,0.77,3.61,0.04,0.02,0.08,0.91,2,0.0,4,12,4,4,12,10,13044264000000,0.125,0.2353,0.5967,0.0274,0.291,1.1503,Area abu-abu
Asuransi Jiwa,5,PT Asuransi BRI Life,2021,0.9,0.08,0.62,1.7,0.01,0.0,0.01,0.64,4,0.0,6,14,6,8,14,20,18260736000000,0.1387,-0.0351,0.453,0.0479,0.6165,1.0823,Potensi Bangkrut
Asuransi Jiwa,5,PT Asuransi BRI Life,2022,2.15,0.11,0.63,1.76,0.03,0.01,0.04,0.59,3,0.0,5,11,5,5,11,11,21494817000000,0.2584,0.202,0.4325,0.1205,0.5971,1.3521,Area abu-abu
Asuransi Jiwa,5,PT Asuransi BRI Life,2023,2.61,0.21,0.6,1.56,0.07,0.03,0.07,0.55,3,0.0,5,14,5,5,14,13,23552167000000,0.0058,0.1428,0.4688,0.1764,0.675,1.4631,Area abu-abu
Asuransi Jiwa,6,PT Asuransi Ciputra Indonesia,2016,2.08,2.08,0.03,0.04,-1.61,-0.05,-0.05,0.0,0,0.0,0,0,0,0,0,0,98507000000,0.0,0.2463,-0.1625,-0.3349,29.2202,28.9692,Perusahaan Sehat
Asuransi Jiwa,6,PT Asuransi Ciputra Indonesia,2017,1.12,0.72,0.1,0.11,-1.47,-0.17,-0.19,0.6,2,0.0,4,12,4,3,12,7,116479000000,3.4288,0.0487,-0.7179,-1.1965,9.909,8.0434,Perusahaan Sehat
Asuransi Jiwa,6,PT Asuransi Ciputra Indonesia,2018,1.41,0.59,0.33,0.49,-0.72,-0.28,-0.42,0.6,2,0.0,4,12,4,3,12,7,152680000000,3.4467,0.282,-1.6241,-2.2189,2.125,-1.4359,Potensi Bangkrut
Asuransi Jiwa,6,PT Asuransi Ciputra Indonesia,2019,2.31,0.63,0.41,0.69,-0.43,-0.21,-0.36,0.6,2,0.0,4,12,4,3,12,7,214472000000,0.7414,0.595,-1.8232,-1.3749,1.5226,-1.0805,Potensi Bangkrut
Asuransi Jiwa,6,PT Asuransi Ciputra Indonesia,2020,3.87,1.64,0.5,0.99,-0.34,-0.13,-0.26,0.6,2,0.0,4,12,4,3,12,7,278255000000,0.056,1.0019,-2.0203,-1.2661,1.063,-1.2215,Potensi Bangkrut
Asuransi Jiwa,6,PT Asuransi Ciputra Indonesia,2021,3.06,1.0,0.66,1.91,-0.22,-0.14,-0.4,0.6,2,0.0,4,12,4,3,12,7,384372000000,1.2236,1.164,-1.8877,-0.8755,0.5496,-1.0497,Potensi Bangkrut
Asuransi Jiwa,6,PT Asuransi Ciputra Indonesia,2022,2.43,0.74,0.7,2.28,0.0,0.0,0.0,0.6,2,0.0,4,12,4,3,12,7,517439000000,0.3667,0.7308,-1.3733,0.0624,0.4596,-0.1205,Potensi Bangkrut
Asuransi Jiwa,6,PT Asuransi Ciputra Indonesia,2023,2.68,0.68,0.77,3.3,0.02,0.01,0.05,0.6,2,0.0,4,12,4,3,12,7,714057000000,0.3975,0.9041,-0.9327,0.1318,0.318,0.4213,Potensi Bangkrut
Asuransi Jiwa,6,PT Asuransi Ciputra Indonesia,2024,2.39,0.61,0.8,3.96,0.06,0.04,0.17,0.6,2,0.0,3,7,3,3,7,7,997332000000,0.255,0.6396,-0.539,0.2673,0.2652,0.633,Potensi Bangkrut
Asuransi Jiwa,7,PT Asuransi Jiwa Astra,2015,0.77,0.58,0.72,2.55,-0.14,-0.09,-0.33,0.5,2,0.0,4,0,4,6,0,0,1899837000000,1.1374,-0.2581,-0.5584,-0.6323,0.4122,-1.0366,Potensi Bangkrut
Asuransi Jiwa,7,PT Asuransi Jiwa Astra,2016,1.61,1.44,0.78,3.54,-0.09,-0.07,-0.32,0.5,2,0.0,4,0,4,5,0,0,3802688000000,1.2744,0.4274,-0.5155,-0.4776,0.2965,-0.2692,Potensi Bangkrut
Asuransi Jiwa,7,PT Asuransi Jiwa Astra,2017,1.88,1.61,0.86,6.05,-0.07,-0.06,-0.42,0.5,2,0.0,4,0,4,4,0,0,4315435000000,0.2734,0.4869,-0.6266,-0.3716,0.1735,-0.3378,Potensi Bangkrut
Asuransi Jiwa,7,PT Asuransi Jiwa Astra,2018,2.51,2.11,0.91,10.51,-0.05,-0.04,-0.41,0.5,2,0.0,4,0,4,4,0,0,5004717000000,-0.0487,0.7543,-0.6489,-0.2308,0.0999,-0.0255,Potensi Bangkrut
Asuransi Jiwa,7,PT Asuransi Jiwa Astra,2019,2.05,1.51,0.85,5.88,-0.02,-0.01,-0.09,0.5,2,0.0,4,0,4,6,0,0,5901298000000,-0.0734,0.4651,-0.596,-0.0972,0.1785,-0.0496,Potensi Bangkrut
Asuransi Jiwa,7,PT Asuransi Jiwa Astra,2020,1.35,1.01,0.87,6.84,-0.0,-0.0,-0.02,0.5,2,0.0,4,0,4,4,0,0,6587066000000,0.0895,0.2032,-0.5494,-0.0329,0.1535,-0.2257,Potensi Bangkrut
Asuransi Jiwa,7,PT Asuransi Jiwa Astra,2021,2.01,1.17,0.88,7.58,-0.0,-0.0,-0.02,0.5,2,0.0,4,0,4,4,0,0,7092935000000,0.5826,0.3604,-0.5112,-0.0195,0.1384,-0.0319,Potensi Bangkrut
Asuransi Jiwa,7,PT Asuransi Jiwa Astra,2022,1.32,0.82,0.91,9.75,-0.02,-0.02,-0.21,0.5,2,0.0,4,10,4,5,10,11,7345755000000,0.0257,0.193,-0.5526,-0.1216,0.1077,-0.3735,Potensi Bangkrut
Asuransi Jiwa,7,PT Asuransi Jiwa Astra,2023,0.76,0.41,0.91,9.73,0.0,0.0,0.02,0.5,2,0.0,4,0,4,5,0,0,7501061000000,0.0731,-0.1734,-0.5346,0.0011,0.1079,-0.5989,Potensi Bangkrut
Asuransi Jiwa,7,PT Asuransi Jiwa Astra,2024,0.81,0.42,0.89,8.09,0.01,0.01,0.07,0.5,2,0.0,4,0,4,5,0,0,6806055000000,-0.078,-0.1306,-0.5594,0.0605,0.1297,-0.4997,Potensi Bangkrut
Asuransi Jiwa,8,PT Asuransi Jiwa BCA,2015,1.2,0.7,0.19,0.23,-0.25,-0.1,-0.12,1.0,2,0.0,4,0,4,0,0,0,281282000000,5.2646,0.0707,-0.3641,-0.9796,4.5545,3.2815,Perusahaan Sehat
Asuransi Jiwa,8,PT Asuransi Jiwa BCA,2016,1.12,0.21,0.47,0.89,-0.08,-0.06,-0.12,1.0,1,0.0,3,0,3,0,0,0,385447000000,1.664,0.0885,-0.4643,-0.6475,1.1858,0.1625,Potensi Bangkrut
Asuransi Jiwa,8,PT Asuransi Jiwa BCA,2017,0.89,0.09,0.45,0.8,-0.08,-0.04,-0.08,0.9,0,0.0,4,0,4,0,0,0,842122000000,0.5397,-0.0787,-0.3802,-0.4693,1.3063,0.378,Potensi Bangkrut
Asuransi Jiwa,8,PT Asuransi Jiwa BCA,2018,0.91,0.03,0.57,1.33,-0.13,-0.09,-0.2,0.9,0,0.0,4,0,4,0,0,0,902876000000,0.3143,-0.0402,-0.6012,-0.1889,0.7915,-0.0389,Potensi Bangkrut
Asuransi Jiwa,8,PT Asuransi Jiwa BCA,2019,1.12,0.07,0.65,1.88,0.02,0.01,0.03,0.9,0,0.0,4,0,4,0,0,0,1154689000000,0.3666,0.0529,-0.4773,-0.0184,0.5585,0.1157,Potensi Bangkrut
Asuransi Jiwa,8,PT Asuransi Jiwa BCA,2020,1.5,0.15,0.66,1.98,0.09,0.06,0.19,0.9,0,0.0,4,0,4,0,0,0,1467896000000,0.2385,0.2013,-0.2202,0.3198,0.5301,0.831,Potensi Bangkrut
Asuransi Jiwa,8,PT Asuransi Jiwa BCA,2021,3.78,0.03,0.72,2.62,0.03,0.02,0.08,0.9,2,0.0,4,0,4,0,0,0,1930213000000,0.3279,0.8004,-0.1035,0.0613,0.4001,1.1583,Area abu-abu
Asuransi Jiwa,8,PT Asuransi Jiwa BCA,2022,1.94,0.06,0.72,2.56,0.04,0.02,0.08,0.9,2,0.0,4,0,4,0,0,0,2347921000000,0.0506,0.3086,-0.0037,0.1551,0.41,0.87,Potensi Bangkrut
Asuransi Jiwa,8,PT Asuransi Jiwa BCA,2023,1.84,0.03,0.75,2.94,0.05,0.02,0.1,0.9,2,0.0,4,0,4,0,0,0,2878724000000,0.1401,0.2529,0.087,0.1634,0.3571,0.8604,Potensi Bangkrut
Asuransi Jiwa,8,PT Asuransi Jiwa BCA,2024,2.31,0.03,0.76,3.1,0.06,0.03,0.1,0.9,2,0.0,4,0,4,0,0,0,3339666000000,-0.0602,0.2517,0.1663,0.1819,0.3385,0.9383,Potensi Bangkrut
Asuransi Jiwa,9,PT Asuransi Jiwa Central Asia Raya,2015,2.85,0.15,0.62,1.65,-0.16,-0.04,-0.11,1.0,2,1e-05,4,0,4,0,0,0,4598462000000,0.0412,0.1637,0.4709,0.0737,0.6368,1.3452,Area abu-abu
Asuransi Jiwa,9,PT Asuransi Jiwa Central Asia Raya,2016,0.39,0.27,0.64,1.79,0.1,0.04,0.11,0.99,2,1e-05,4,0,4,0,0,0,5298273000000,0.6699,-0.2833,0.5254,0.2821,0.5876,1.1119,Area abu-abu
Asuransi Jiwa,9,PT Asuransi Jiwa Central Asia Raya,2017,0.38,0.05,0.77,3.42,-0.23,-0.11,-0.46,0.99,2,1e-05,4,0,4,0,0,0,5618666000000,0.3371,-0.2942,0.6373,0.3410,0.3067,0.9907,Potensi Bangkrut
Asuransi Jiwa,9,PT Asuransi Jiwa Central Asia Raya,2018,0.31,0.03,0.79,0.79,0.07,0.03,0.03,0.99,2,1e-05,4,0,4,0,0,0,6696353000000,0.0163,-0.3026,0.5671,0.1164,1.3265,1.7074,Area abu-abu
Asuransi Jiwa,9,PT Asuransi Jiwa Central Asia Raya,2019,0.32,0.03,0.78,0.78,0.13,0.05,0.05,0.99,2,1e-05,4,0,4,0,0,0,8158087000000,0.1483,-0.2258,0.5383,0.1645,1.3419,1.819,Area abu-abu
Asuransi Jiwa,9,PT Asuransi Jiwa Central Asia Raya,2020,0.34,0.04,0.79,3.71,0.03,0.01,0.04,0.99,2,1e-05,4,0,4,0,0,0,8569933000000,-0.0958,-0.2118,0.5943,0.1882,0.2832,0.8538,Potensi Bangkrut
Asuransi Jiwa,9,PT Asuransi Jiwa Central Asia Raya,2021,0.45,0.03,0.71,2.44,0.41,0.11,0.39,0.99,2,1e-05,3,0,3,0,0,0,10111397000000,0.0246,-0.1401,0.5516,0.1206,0.4309,0.963,Potensi Bangkrut
Asuransi Jiwa,9,PT Asuransi Jiwa Central Asia Raya,2022,0.57,0.08,0.7,2.37,0.06,0.02,0.05,0.99,2,1e-05,3,0,3,0,0,0,10357588000000,-0.0741,-0.1056,0.5948,0.1312,0.4439,1.0643,Potensi Bangkrut
Asuransi Jiwa,9,PT Asuransi Jiwa Central Asia Raya,2023,0.65,0.03,0.71,2.49,0.04,0.01,0.03,0.99,2,1e-05,3,0,3,0,0,0,11033985000000,0.1583,-0.106,0.6109,0.1243,0.4212,1.0504,Potensi Bangkrut
Asuransi Jiwa,9,PT Asuransi Jiwa Central Asia Raya,2024,1.16,0.16,0.7,2.28,0.11,0.02,0.08,0.99,2,1e-05,3,0,3,0,0,0,11181540000000,-0.1874,0.0384,0.6637,0.1414,0.4607,1.3042,Area abu-abu
Asuransi Jiwa,10,PT Asuransi Jiwa Generali Indonesia,2015,1.15,0.13,0.89,8.14,-0.02,-0.01,-0.08,0.99,2,0.0,4,0,4,0,0,0,4276820000000,-0.0516,0.1271,-0.2373,-0.0570,0.129,-0.0381,Potensi Bangkrut
Asuransi Jiwa,10,PT Asuransi Jiwa Generali Indonesia,2016,0.97,0.04,0.86,6.16,-0.01,-0.01,-0.06,0.98,2,0.0,3,0,3,0,0,0,5419377000000,0.5473,-0.0278,-0.2212,-0.0493,0.1704,-0.128,Potensi Bangkrut
Asuransi Jiwa,10,PT Asuransi Jiwa Generali Indonesia,2017,1.13,0.13,0.88,7.0,0.02,0.01,0.1,0.98,0,0.0,3,0,3,0,0,0,6841389000000,0.3004,0.1186,-0.144,0.0750,0.1499,0.1996,Potensi Bangkrut
Asuransi Jiwa,10,PT Asuransi Jiwa Generali Indonesia,2018,1.01,0.08,0.85,5.88,0.05,0.02,0.15,0.98,0,0.0,3,0,3,0,0,0,6994875000000,-0.2333,0.0069,-0.0534,0.1397,0.1787,0.2719,Potensi Bangkrut
Asuransi Jiwa,10,PT Asuransi Jiwa Generali Indonesia,2019,0.93,0.03,0.83,4.86,0.06,0.03,0.15,0.98,2,0.0,3,0,3,0,0,0,7060254000000,0.0023,-0.0789,0.008,0.1731,0.2162,0.3184,Potensi Bangkrut
Asuransi Jiwa,10,PT Asuransi Jiwa Generali Indonesia,2020,0.88,0.04,0.8,3.96,0.09,0.04,0.19,0.98,2,0.0,3,0,3,0,0,0,7356577000000,0.0075,-0.1325,0.094,0.2408,0.2654,0.4676,Potensi Bangkrut
Asuransi Jiwa,10,PT Asuransi Jiwa Generali Indonesia,2021,1.31,0.21,0.79,3.75,0.02,0.01,0.03,0.98,2,0.0,3,0,3,0,0,0,7322006000000,0.0601,0.2931,0.1236,0.0471,0.2802,0.744,Potensi Bangkrut
Asuransi Jiwa,10,PT Asuransi Jiwa Generali Indonesia,2022,1.22,0.25,0.75,3.04,-0.02,-0.01,-0.02,0.98,2,0.0,3,0,3,0,0,0,6140160000000,-0.3216,0.1853,0.1501,-0.0185,0.3451,0.662,Potensi Bangkrut
Asuransi Jiwa,10,PT Asuransi Jiwa Generali Indonesia,2023,1.14,0.35,0.78,3.56,-0.06,-0.03,-0.13,0.98,2,0.0,3,0,3,0,0,0,6183771000000,0.3889,0.1295,0.0542,-0.2144,0.2948,0.2641,Potensi Bangkrut
Asuransi Jiwa,10,PT Asuransi Jiwa Generali Indonesia,2024,0.96,0.34,0.79,4.03,-0.06,-0.03,-0.15,0.98,2,0.0,4,0,4,0,0,0,5946070000000,0.0343,-0.0347,0.0088,-0.1506,0.2606,0.084,Potensi Bangkrut
Asuransi Jiwa,11,PT Asuransi Jiwa IFG,2020,31.77,31.76,0.02,0.03,-0.82,-0.0,-0.0,1.0,0,0.0,1,6,1,1,6,3,153511000000,0.0,4.9762,-0.0058,-0.0120,41.5469,46.5053,Perusahaan Sehat
Asuransi Jiwa,11,PT Asuransi Jiwa IFG,2021,71.07,70.76,0.95,20.35,-1.34,-0.0,-0.1,1.0,2,0.0,3,10,3,4,10,12,21046070000000,220.7625,2.244,-0.0146,-0.0306,0.0516,2.2504,Area abu-abu
Asuransi Jiwa,11,PT Asuransi Jiwa IFG,2022,1.92,1.24,0.92,12.06,-0.18,-0.01,-0.18,1.0,2,0.0,4,17,4,7,17,16,30095971000000,31.3454,0.1329,0.0035,0.0286,0.0871,0.252,Potensi Bangkrut
Asuransi Jiwa,11,PT Asuransi Jiwa IFG,2023,2.13,1.79,0.91,9.91,-0.09,-0.01,-0.08,1.0,3,0.0,5,18,5,7,18,17,33088034000000,0.129,0.2874,-0.0618,-0.1345,0.106,0.197,Potensi Bangkrut
Asuransi Jiwa,11,PT Asuransi Jiwa IFG,2024,5.49,4.44,0.88,7.28,-0.09,-0.02,-0.16,1.0,0,0.0,0,0,0,0,0,0,34967966000000,1.7067,0.6342,-0.0045,-0.0182,0.1443,0.7557,Potensi Bangkrut
Asuransi Jiwa,12,PT Asuransi Jiwa Inhealth Indonesia,2015,12.93,7.21,0.29,0.41,0.11,0.08,0.12,0.8,3,0.0,5,17,5,4,17,10,1841695394740,0.0223,5.9329,0.5362,0.7728,2.5393,9.7812,Perusahaan Sehat
Asuransi Jiwa,12,PT Asuransi Jiwa Inhealth Indonesia,2016,10.69,5.17,0.35,0.54,0.1,0.08,0.12,0.8,2,0.0,4,10,4,4,10,8,2128604012037,0.1042,5.8455,0.5913,0.6148,1.96,9.0116,Perusahaan Sehat
Asuransi Jiwa,12,PT Asuransi Jiwa Inhealth Indonesia,2017,13.8,4.16,0.35,0.54,0.11,0.09,0.13,0.8,2,0.0,3,9,3,4,9,8,2224965279992,0.1627,5.8693,0.6511,0.6505,1.9429,9.1138,Perusahaan Sehat
Asuransi Jiwa,12,PT Asuransi Jiwa Inhealth Indonesia,2018,16.11,7.19,0.37,0.59,0.07,0.06,0.1,0.8,2,0.0,3,12,3,4,12,12,2146354535548,0.0051,5.9218,0.5252,0.5052,1.7652,8.7174,Perusahaan Sehat
Asuransi Jiwa,12,PT Asuransi Jiwa Inhealth Indonesia,2019,16.82,4.88,0.4,0.67,0.05,0.05,0.08,0.8,1,0.0,4,15,4,5,15,18,2200245923342,0.1571,5.9454,0.5436,0.4204,1.5653,8.4747,Perusahaan Sehat
Asuransi Jiwa,12,PT Asuransi Jiwa Inhealth Indonesia,2020,10.13,3.47,0.42,0.73,0.03,0.03,0.05,0.8,3,0.0,5,16,5,5,16,15,2254736989884,0.0514,5.5823,0.4396,0.2668,1.4402,7.7289,Perusahaan Sehat
Asuransi Jiwa,12,PT Asuransi Jiwa Inhealth Indonesia,2021,9.41,3.36,0.46,0.46,0.06,0.05,0.05,0.8,5,0.0,7,28,7,5,28,15,2524302538621,0.003,5.528,0.4752,0.4398,2.2922,8.7352,Perusahaan Sehat
Asuransi Jiwa,12,PT Asuransi Jiwa Inhealth Indonesia,2022,11.81,4.41,0.46,0.85,0.06,0.05,0.1,0.8,2,0.0,4,18,4,6,18,18,2668916537113,0.1465,5.448,0.4721,0.4808,1.229,7.6299,Perusahaan Sehat
Asuransi Jiwa,12,PT Asuransi Jiwa Inhealth Indonesia,2023,15.72,5.45,0.44,0.78,0.06,0.06,0.11,0.8,3,0.0,5,17,5,5,17,15,2823141641461,0.1204,5.8296,0.624,0.5112,1.3442,8.309,Perusahaan Sehat
Asuransi Jiwa,12,PT Asuransi Jiwa Inhealth Indonesia,2024,10.7,4.18,0.56,1.29,-0.0,-0.0,-0.01,0.8,4,0.0,6,18,6,6,18,18,3609299613555,0.3045,5.552,0.4831,-0.0409,0.8139,6.808,Perusahaan Sehat
Asuransi Jiwa,13,PT Asuransi Jiwa Manulife Indonesia,2015,1.52,0.67,0.8,3.9,0.14,0.03,0.16,0.95,1,0.0,6,0,6,0,0,0,36751228000000,-0.2688,0.1562,0.6333,0.3817,0.2691,1.4403,Area abu-abu
Asuransi Jiwa,13,PT Asuransi Jiwa Manulife Indonesia,2016,0.87,0.08,0.8,3.95,0.06,0.02,0.08,0.95,2,0.0,4,0,4,0,0,0,39719030000000,0.3594,-0.0409,0.5807,0.0436,0.2659,0.8493,Potensi Bangkrut
Asuransi Jiwa,13,PT Asuransi Jiwa Manulife Indonesia,2017,0.39,0.09,0.76,3.2,0.21,0.06,0.23,0.95,2,0.0,4,0,4,0,0,0,45637074000000,0.0178,-0.1901,0.5554,0.0890,0.328,0.7823,Potensi Bangkrut
Asuransi Jiwa,13,PT Asuransi Jiwa Manulife Indonesia,2018,0.53,0.07,0.75,3.06,0.06,0.01,0.06,0.95,2,0.0,4,0,4,0,0,0,45704853000000,-0.0784,-0.1441,0.735,0.4434,0.343,1.3773,Area abu-abu
Asuransi Jiwa,13,PT Asuransi Jiwa Manulife Indonesia,2019,0.57,0.09,0.72,2.62,0.25,0.06,0.2,0.95,2,0.0,4,0,4,0,0,0,51009132000000,0.0207,-0.1381,0.6924,0.1041,0.4008,1.0592,Potensi Bangkrut
Asuransi Jiwa,13,PT Asuransi Jiwa Manulife Indonesia,2020,0.67,0.26,0.73,2.68,0.12,0.03,0.1,0.95,2,0.0,4,0,4,0,0,0,57279397000000,0.1109,-0.1186,0.6667,0.1300,0.3921,1.0702,Potensi Bangkrut
Asuransi Jiwa,13,PT Asuransi Jiwa Manulife Indonesia,2021,0.64,0.13,0.74,2.91,0.07,0.02,0.07,0.95,2,0.0,4,0,4,0,0,0,59794320000000,0.2508,-0.1172,0.6305,0.1645,0.3605,1.0383,Potensi Bangkrut
Asuransi Jiwa,13,PT Asuransi Jiwa Manulife Indonesia,2022,0.67,0.14,0.75,3.0,0.04,0.01,0.03,0.95,2,0.0,4,0,4,0,0,0,59078951000000,-0.2436,-0.1222,0.6687,0.1842,0.3505,1.0811,Potensi Bangkrut
Asuransi Jiwa,13,PT Asuransi Jiwa Manulife Indonesia,2023,0.59,0.17,0.76,3.12,0.09,0.02,0.09,0.95,2,0.0,4,0,4,0,0,0,62274577000000,0.1561,-0.1818,0.6051,0.0634,0.336,0.8227,Potensi Bangkrut
Asuransi Jiwa,13,PT Asuransi Jiwa Manulife Indonesia,2024,0.63,0.24,0.75,2.96,0.1,0.02,0.08,0.95,2,0.0,4,0,4,0,0,0,61973362000000,-0.0584,-0.175,0.6659,0.2181,0.3544,1.0634,Potensi Bangkrut
Asuransi Jiwa,14,PT Asuransi Jiwa Manulife Indonesia Syariah,2024,1.55,0.65,0.13,0.49,0.05,0.0,0.01,0.99,2,0.0,3,0,3,0,0,0,1272836000000,0.0,0.2732,0.0078,0.0346,2.1222,2.438,Area abu-abu
Asuransi Jiwa,15,PT Asuransi Jiwa Nasional,2017,1.21,0.05,0.23,0.3,0.02,0.0,0.0,0.0,0,0.0,0,0,0,0,0,0,202382380000,0.0,0.1353,0.0081,0.0150,3.4828,3.6412,Perusahaan Sehat
Asuransi Jiwa,15,PT Asuransi Jiwa Nasional,2018,4.74,0.4,0.34,0.52,0.03,0.01,0.01,0.99,2,0.0,3,0,3,0,0,0,237879500000,1.0163,1.6009,0.026,0.0377,2.0368,3.7013,Perusahaan Sehat
Asuransi Jiwa,15,PT Asuransi Jiwa Nasional,2019,3.26,0.27,0.36,0.56,0.09,0.02,0.03,0.99,2,0.0,3,0,3,0,0,0,254091990000,0.2517,1.0831,0.0573,0.0637,1.8602,3.0643,Perusahaan Sehat
Asuransi Jiwa,15,PT Asuransi Jiwa Nasional,2020,2.32,0.05,0.44,0.8,0.04,0.01,0.02,0.99,2,0.0,3,0,3,0,0,0,297990000000,0.3422,1.0825,0.13,0.1640,1.317,2.6936,Perusahaan Sehat
Asuransi Jiwa,15,PT Asuransi Jiwa Nasional,2021,1.68,0.04,0.52,1.1,0.11,0.03,0.07,0.99,1,0.0,2,0,2,0,0,0,374138510000,0.2629,0.8119,0.1148,0.0205,0.9512,1.8984,Area abu-abu
Asuransi Jiwa,15,PT Asuransi Jiwa Nasional,2022,1.57,0.02,0.57,1.31,0.05,0.02,0.05,0.99,2,0.0,3,0,3,0,0,0,431376860000,0.5541,0.6692,0.1814,0.1674,0.8034,1.8214,Area abu-abu
Asuransi Jiwa,15,PT Asuransi Jiwa Nasional,2023,1.62,0.05,0.62,1.63,0.03,0.01,0.03,0.99,2,0.0,3,0,3,0,0,0,507970770000,0.1247,0.7453,0.175,0.0413,0.6428,1.6044,Area abu-abu
Asuransi Jiwa,15,PT Asuransi Jiwa Nasional,2024,2.63,0.13,0.64,1.77,-0.02,-0.01,-0.03,0.99,2,0.0,3,0,3,0,0,0,516246820000,0.698,0.8667,0.2539,0.1659,0.594,1.8806,Area abu-abu
Asuransi Jiwa,16,PT Asuransi Jiwa Reliance Indonesia,2015,4.07,0.04,0.63,1.68,0.19,0.04,0.11,0.99,1,0.0,3,0,3,3,0,3,362414130000,0.0,3.0371,0.3178,0.3019,0.6257,4.2825,Perusahaan Sehat
Asuransi Jiwa,16,PT Asuransi Jiwa Reliance Indonesia,2016,13.76,0.11,0.64,1.79,0.16,0.05,0.14,0.99,1,0.0,2,0,2,4,0,4,436068360000,0.7539,4.2363,0.4225,0.4312,0.5879,5.6779,Perusahaan Sehat
Asuransi Jiwa,16,PT Asuransi Jiwa Reliance Indonesia,2017,3.4,0.0,0.76,3.12,0.16,0.04,0.15,0.99,2,0.0,3,0,3,4,0,4,754337470000,0.2839,3.7509,0.3591,0.2975,0.3365,4.7441,Perusahaan Sehat
Asuransi Jiwa,16,PT Asuransi Jiwa Reliance Indonesia,2018,2.35,0.0,0.87,6.87,-0.5,-0.09,-0.73,0.99,3,0.0,4,0,4,4,0,4,831082530000,-0.0901,2.9984,0.0342,-0.6053,0.1528,2.58,Area abu-abu
Asuransi Jiwa,16,PT Asuransi Jiwa Reliance Indonesia,2019,4.07,0.08,0.8,4.07,0.06,0.01,0.04,0.99,2,0.0,4,0,4,2,0,2,805109390000,-0.2703,3.8342,0.0387,0.0267,0.2577,4.1573,Perusahaan Sehat
Asuransi Jiwa,16,PT Asuransi Jiwa Reliance Indonesia,2020,3.35,0.07,0.82,4.5,0.11,0.02,0.09,0.99,2,0.0,4,0,4,3,0,3,972655010000,0.2906,3.7025,0.0931,0.1199,0.2335,4.1489,Perusahaan Sehat
Asuransi Jiwa,16,PT Asuransi Jiwa Reliance Indonesia,2021,3.25,0.03,0.84,5.33,0.06,0.01,0.09,0.99,2,0.0,4,0,4,3,0,3,1191013470000,0.9141,3.6491,0.1226,0.1572,0.197,4.1259,Perusahaan Sehat
Asuransi Jiwa,16,PT Asuransi Jiwa Reliance Indonesia,2022,6.13,0.06,0.78,3.45,0.07,0.02,0.07,0.99,2,0.0,4,0,4,3,0,3,979771550000,-0.1997,3.7374,0.2077,0.2549,0.304,4.504,Perusahaan Sehat
Asuransi Jiwa,16,PT Asuransi Jiwa Reliance Indonesia,2023,13.11,0.24,0.77,3.37,0.06,0.02,0.09,0.99,2,0.0,4,0,4,3,0,3,1073555960000,0.6239,2.9394,0.2498,0.1536,0.3115,3.6544,Perusahaan Sehat
Asuransi Jiwa,16,PT Asuransi Jiwa Reliance Indonesia,2024,11.35,0.76,0.78,3.6,-0.07,-0.02,-0.11,0.99,2,0.0,4,0,4,3,0,0,1026468020000,-0.0407,1.9112,0.1924,-0.1738,0.2919,2.2217,Area abu-abu
Asuransi Jiwa,17,PT Asuransi Jiwa SeaInsure,2019,0.11,0.06,0.3,0.43,-0.01,0.01,0.01,0.0,0,0.0,0,0,0,0,0,0,90345000000,0.0,-0.5427,-2.2829,-8.2767,2.4532,-8.6491,Potensi Bangkrut
Asuransi Jiwa,17,PT Asuransi Jiwa SeaInsure,2021,14.76,14.55,0.03,0.03,1.44,-0.34,-0.35,0.99,2,0.0,3,0,3,3,0,0,119565000000,-2.8691,2.4755,-3.3408,-2.2994,37.2487,34.084,Perusahaan Sehat
Asuransi Jiwa,17,PT Asuransi Jiwa SeaInsure,2022,8.2,3.56,0.22,0.28,-0.95,-0.07,-0.09,0.99,2,0.0,3,0,3,3,0,0,144258000000,-1.3901,2.081,-2.9877,-0.4519,3.7551,2.3966,Area abu-abu
Asuransi Jiwa,17,PT Asuransi Jiwa SeaInsure,2023,3.09,2.11,0.37,0.59,0.5,0.21,0.33,0.99,2,0.0,3,0,3,2,0,0,266213000000,8.9755,1.4448,-0.95,1.3791,1.7888,3.6627,Perusahaan Sehat
Asuransi Jiwa,17,PT Asuransi Jiwa SeaInsure,2024,1.7,0.8,0.4,0.66,0.42,0.18,0.29,0.99,2,0.0,3,0,3,3,0,0,394077000000,0.4845,0.7259,-0.0624,1.3976,1.5915,3.6526,Perusahaan Sehat
Asuransi Jiwa,18,PT Asuransi Jiwa Sequis Financial,2015,0.78,0.03,0.49,0.94,-0.1,-0.02,-0.03,1.0,1,0.0,3,0,3,2,0,0,461158000000,0.0654,-0.0567,0.1062,0.1554,1.1118,1.3167,Area abu-abu
Asuransi Jiwa,18,PT Asuransi Jiwa Sequis Financial,2016,1.42,0.19,0.5,1.02,0.04,0.01,0.01,1.0,2,0.0,4,0,4,3,0,0,484771000000,-0.034,0.1064,0.0766,-0.0362,1.0323,1.179,Area abu-abu
Asuransi Jiwa,18,PT Asuransi Jiwa Sequis Financial,2017,0.89,0.46,0.49,0.96,0.26,0.05,0.09,1.0,2,0.0,4,0,4,3,0,0,519654000000,0.261,-0.0246,0.1384,0.1426,1.0898,1.3462,Area abu-abu
Asuransi Jiwa,18,PT Asuransi Jiwa Sequis Financial,2018,0.35,0.17,0.51,1.05,-0.39,-0.05,-0.11,1.0,2,0.0,4,0,4,2,0,0,490309000000,-0.3142,-0.2157,-0.0144,-0.3252,1.001,0.4457,Potensi Bangkrut
Asuransi Jiwa,18,PT Asuransi Jiwa Sequis Financial,2019,0.62,0.17,0.51,1.06,0.06,0.01,0.02,1.0,2,0.0,4,0,4,2,0,0,504039000000,0.445,-0.1014,0.043,0.1251,0.9919,1.0585,Potensi Bangkrut
Asuransi Jiwa,18,PT Asuransi Jiwa Sequis Financial,2020,0.36,0.14,0.54,1.2,-0.25,-0.03,-0.08,1.0,2,0.0,3,0,3,3,0,0,499976000000,-0.2662,-0.2791,-0.0602,-0.2095,0.8768,0.328,Potensi Bangkrut
Asuransi Jiwa,18,PT Asuransi Jiwa Sequis Financial,2021,0.67,0.17,0.58,1.36,-0.16,-0.02,-0.06,1.0,2,0.0,3,0,3,3,0,0,508600000000,0.1403,-0.1582,-0.1327,-0.1491,0.7708,0.3309,Potensi Bangkrut
Asuransi Jiwa,18,PT Asuransi Jiwa Sequis Financial,2022,0.84,0.17,0.6,1.51,-0.28,-0.04,-0.1,1.0,2,0.0,3,0,3,3,0,0,491148000000,-0.0912,-0.0825,-0.2577,-0.2458,0.6947,0.1087,Potensi Bangkrut
Asuransi Jiwa,18,PT Asuransi Jiwa Sequis Financial,2023,1.01,0.25,0.66,1.96,-0.23,-0.05,-0.13,1.0,2,0.0,3,0,3,3,0,0,510045000000,0.4118,0.0102,-0.3981,-0.3055,0.5357,-0.1576,Potensi Bangkrut
Asuransi Jiwa,18,PT Asuransi Jiwa Sequis Financial,2024,1.12,0.26,0.71,2.42,-0.16,-0.06,-0.2,1.0,1,0.0,2,0,2,1,0,0,488793000000,0.8342,0.0799,-0.5578,-0.2874,0.4347,-0.3306,Potensi Bangkrut
Asuransi Jiwa,19,PT Asuransi Jiwa Sequis Life,2015,1.04,0.24,0.64,1.75,0.14,0.03,0.09,0.68,2,0.0,5,0,5,5,0,0,15369953000000,-0.1023,0.0077,0.0929,0.3492,0.6015,1.0513,Potensi Bangkrut
Asuransi Jiwa,19,PT Asuransi Jiwa Sequis Life,2016,0.99,0.33,0.65,1.86,0.18,0.05,0.15,0.68,3,0.0,6,0,6,5,0,0,16520666000000,0.25,-0.0021,0.1095,0.3313,0.5643,1.003,Potensi Bangkrut
Asuransi Jiwa,19,PT Asuransi Jiwa Sequis Life,2017,0.44,0.11,0.66,1.93,0.25,0.07,0.21,0.68,3,0.0,6,0,6,5,0,0,18732840000000,0.1537,-0.1142,0.1442,0.3624,0.5442,0.9366,Potensi Bangkrut
Asuransi Jiwa,19,PT Asuransi Jiwa Sequis Life,2018,0.4,0.13,0.65,1.89,0.15,0.03,0.08,0.68,3,0.0,6,0,6,5,0,0,18420333000000,-0.354,-0.1473,0.1559,0.2273,0.5554,0.7912,Potensi Bangkrut
Asuransi Jiwa,19,PT Asuransi Jiwa Sequis Life,2019,0.43,0.11,0.65,1.88,0.22,0.05,0.15,0.68,2,0.0,5,0,5,5,0,0,18871652000000,0.2721,-0.1322,0.1468,0.2725,0.5586,0.8457,Potensi Bangkrut
Asuransi Jiwa,19,PT Asuransi Jiwa Sequis Life,2020,0.48,0.14,0.63,1.68,0.34,0.07,0.18,0.68,2,0.0,5,0,5,5,0,0,19996724000000,-0.1203,-0.126,0.1867,0.2424,0.6259,0.9289,Potensi Bangkrut
Asuransi Jiwa,19,PT Asuransi Jiwa Sequis Life,2021,0.59,0.08,0.64,1.88,0.06,0.01,0.03,0.68,3,0.0,5,0,5,6,0,0,19215974000000,-0.0808,-0.1202,0.1535,0.1978,0.5581,0.7892,Potensi Bangkrut
Asuransi Jiwa,19,PT Asuransi Jiwa Sequis Life,2022,0.58,0.09,0.63,1.69,0.1,0.02,0.05,0.68,3,0.0,5,0,5,6,0,0,19085714000000,-0.0082,-0.1286,0.2306,0.2036,0.6199,0.9254,Potensi Bangkrut
Asuransi Jiwa,19,PT Asuransi Jiwa Sequis Life,2023,0.56,0.11,0.64,1.75,0.1,0.02,0.06,0.68,3,0.0,6,0,6,6,0,0,19037633000000,0.0816,-0.1609,0.1868,0.1097,0.6011,0.7367,Potensi Bangkrut
Asuransi Jiwa,19,PT Asuransi Jiwa Sequis Life,2024,0.51,0.08,0.62,1.6,0.21,0.04,0.11,0.68,3,0.0,6,0,6,6,0,0,19145925000000,0.0173,-0.1775,0.1959,0.1640,0.6545,0.8369,Potensi Bangkrut
Asuransi Jiwa,20,PT Asuransi Jiwa Starinvestama,2017,0.92,0.91,1.11,-10.04,-1.45,-0.08,0.73,0.0,0,0.0,0,0,0,0,0,0,112089000000,0.0,-0.4515,-5.6249,-0.5416,-0.1046,-6.7226,Potensi Bangkrut
Asuransi Jiwa,20,PT Asuransi Jiwa Starinvestama,2018,0.43,0.39,0.49,0.97,0.13,0.0,0.01,1.0,2,0.0,4,0,4,3,0,0,211218000000,-0.0304,-1.3756,-2.9732,0.0210,1.0855,-3.2423,Potensi Bangkrut
Asuransi Jiwa,20,PT Asuransi Jiwa Starinvestama,2019,0.7,0.66,0.95,18.45,0.01,0.01,0.18,1.0,2,0.0,4,0,4,3,0,0,2554055000000,470.9766,-0.0687,-0.2144,0.0639,0.0569,-0.1622,Potensi Bangkrut
Asuransi Jiwa,20,PT Asuransi Jiwa Starinvestama,2020,0.62,0.43,0.93,14.35,0.01,0.01,0.15,1.0,2,0.0,4,0,4,3,0,0,2377806000000,-0.2818,-0.0943,-0.1855,0.0916,0.0732,-0.1151,Potensi Bangkrut
Asuransi Jiwa,20,PT Asuransi Jiwa Starinvestama,2021,9.96,9.34,0.94,16.53,0.02,0.01,0.22,1.0,2,0.0,4,0,4,3,0,0,3481452000000,0.4067,0.7346,-0.0943,0.0676,0.0635,0.7714,Potensi Bangkrut
Asuransi Jiwa,20,PT Asuransi Jiwa Starinvestama,2022,1.02,0.57,0.94,20.79,0.01,0.0,0.11,1.0,2,0.0,4,0,4,3,0,0,4940936000000,0.4985,0.003,-0.0462,0.0415,0.0505,0.0488,Potensi Bangkrut
Asuransi Jiwa,20,PT Asuransi Jiwa Starinvestama,2023,1.06,0.49,0.94,15.72,0.02,0.01,0.16,1.0,2,0.0,4,0,4,3,0,0,4445677000000,-0.3616,0.0054,-0.027,0.0499,0.0668,0.0952,Potensi Bangkrut
Asuransi Jiwa,20,PT Asuransi Jiwa Starinvestama,2024,6.02,4.81,0.95,17.69,0.01,0.0,0.06,1.0,2,0.0,4,0,4,3,0,0,5304605000000,0.0841,0.279,-0.0136,0.0185,0.0593,0.3432,Potensi Bangkrut
Asuransi Jiwa,21,PT Asuransi Jiwa Syariah AL AMIN,2015,1.54,0.16,0.54,3.18,0.08,0.01,0.07,0.68,2,0.0,4,0,4,3,0,0,488002000000,0.0552,1.0383,0.1167,0.0938,0.3301,1.5789,Area abu-abu
Asuransi Jiwa,21,PT Asuransi Jiwa Syariah AL AMIN,2016,2.62,1.11,0.36,1.39,0.08,0.01,0.05,0.68,2,0.0,4,0,4,3,0,0,432956000000,-0.0223,1.5354,0.0842,0.1069,0.7541,2.4806,Area abu-abu
Asuransi Jiwa,21,PT Asuransi Jiwa Syariah AL AMIN,2017,2.71,0.66,0.59,4.04,0.03,0.01,0.04,0.68,3,0.0,5,0,5,3,0,0,736721000000,1.2529,0.8605,0.0368,0.0517,0.2599,1.2089,Area abu-abu
Asuransi Jiwa,21,PT Asuransi Jiwa Syariah AL AMIN,2018,1.26,0.2,0.58,3.43,0.03,0.01,0.04,0.68,3,0.0,5,0,5,3,0,0,623688000000,-0.0135,0.3455,0.0398,0.0692,0.3059,0.7605,Potensi Bangkrut
Asuransi Jiwa,21,PT Asuransi Jiwa Syariah AL AMIN,2019,2.5,0.8,0.78,7.18,0.03,0.01,0.05,0.68,3,0.0,5,0,5,3,0,0,1041986000000,0.2719,0.4148,0.0387,0.0418,0.1463,0.6415,Potensi Bangkrut
Asuransi Jiwa,21,PT Asuransi Jiwa Syariah AL AMIN,2020,3.17,0.77,0.8,8.52,0.02,0.0,0.04,0.68,3,0.0,5,11,5,3,11,3,1243173000000,0.4095,0.413,0.0451,0.0327,0.1232,0.6141,Potensi Bangkrut
Asuransi Jiwa,21,PT Asuransi Jiwa Syariah AL AMIN,2021,4.75,0.79,0.81,8.4,0.02,0.01,0.05,0.68,3,0.0,5,9,5,3,9,3,1459438000000,0.1978,0.6556,0.0214,0.0372,0.1251,0.8392,Potensi Bangkrut
Asuransi Jiwa,21,PT Asuransi Jiwa Syariah AL AMIN,2022,0.98,0.29,0.8,9.24,0.02,0.01,0.08,0.68,3,0.0,5,9,5,3,9,3,1767079000000,0.6228,-0.0066,0.0411,0.0575,0.1136,0.2057,Potensi Bangkrut
Asuransi Jiwa,21,PT Asuransi Jiwa Syariah AL AMIN,2023,1.17,0.23,0.82,9.73,0.05,0.01,0.17,0.68,4,0.0,6,12,6,3,12,3,2331849000000,0.1897,0.0721,0.0646,0.1184,0.1079,0.363,Potensi Bangkrut
Asuransi Jiwa,21,PT Asuransi Jiwa Syariah AL AMIN,2024,1.02,0.15,0.84,10.03,0.06,0.01,0.17,0.68,2,0.0,3,7,3,3,7,3,2985382000000,0.1486,0.008,0.0475,0.1186,0.1047,0.2788,Potensi Bangkrut
Asuransi Jiwa,22,PT Asuransi Jiwa Syariah Bumiputera,2017,1.07,0.9,0.13,1.71,-0.38,-0.01,-0.12,1.0,2,0.0,4,0,4,4,0,0,956998000000,14.9868,0.01,-0.0444,-0.0649,0.6148,0.5155,Potensi Bangkrut
Asuransi Jiwa,22,PT Asuransi Jiwa Syariah Bumiputera,2018,0.49,0.36,0.14,2.82,-0.18,-0.01,-0.17,0.99,1,0.0,2,0,2,3,0,0,891253000000,0.6453,-0.1853,-0.0742,-0.0548,0.3726,0.0583,Potensi Bangkrut
Asuransi Jiwa,22,PT Asuransi Jiwa Syariah Bumiputera,2019,0.32,0.22,0.16,28.69,-1.34,-0.04,-6.18,0.99,0,0.0,2,0,2,4,0,0,782742000000,-0.4815,-0.3179,-0.2001,-0.2381,0.0366,-0.7195,Potensi Bangkrut
Asuransi Jiwa,22,PT Asuransi Jiwa Syariah Bumiputera,2020,0.65,0.6,0.19,-6.19,-1.12,-0.03,0.93,0.99,0,0.0,2,0,2,3,0,0,661899000000,-0.1967,-0.1841,-0.3203,-0.1894,-0.1696,-0.8633,Potensi Bangkrut
Asuransi Jiwa,22,PT Asuransi Jiwa Syariah Bumiputera,2021,0.36,0.19,0.28,-4.45,-0.65,-0.02,0.3,0.99,0,0.0,2,0,2,3,0,0,561340000000,-0.0162,-0.6165,-0.4391,-0.1267,-0.2362,-1.4185,Potensi Bangkrut
Asuransi Jiwa,22,PT Asuransi Jiwa Syariah Bumiputera,2022,0.66,0.63,0.41,-3.42,-0.45,-0.01,0.1,0.99,1,0.0,2,0,2,2,0,0,471233000000,-0.2404,-0.5058,-0.5618,-0.0797,-0.3071,-1.4545,Potensi Bangkrut
Asuransi Jiwa,22,PT Asuransi Jiwa Syariah Bumiputera,2023,0.16,0.14,0.49,-2.06,-1.17,-0.03,0.12,0.99,2,0.0,3,0,3,2,0,0,387763000000,-0.2184,-1.822,-0.7782,-0.1967,-0.51,-3.3069,Potensi Bangkrut
Asuransi Jiwa,22,PT Asuransi Jiwa Syariah Bumiputera,2024,0.33,0.21,0.22,-1.78,-0.63,-0.02,0.13,0.99,0,0.0,2,0,2,2,0,0,350722000000,-0.0501,-0.3069,-0.6505,-0.1110,-0.5912,-1.6596,Potensi Bangkrut
Asuransi Jiwa,23,PT Asuransi Jiwa Syariah Jasa Mitra Abadi,2015,20.18,20.09,0.04,0.05,0.41,0.04,0.04,0.89,0,0.065,4,0,4,3,0,0,66654000000,6.4932,3.3337,0.1538,0.2492,22.6674,26.4042,Perusahaan Sehat
Asuransi Jiwa,23,PT Asuransi Jiwa Syariah Jasa Mitra Abadi,2016,3.13,2.4,0.06,0.07,0.02,0.0,0.0,0.89,0,0.065,4,0,4,3,0,0,68251000000,0.0721,0.2581,0.1541,0.0150,15.7992,16.2264,Perusahaan Sehat
Asuransi Jiwa,23,PT Asuransi Jiwa Syariah Jasa Mitra Abadi,2017,5.05,4.23,0.31,0.45,-0.24,-0.01,-0.02,0.53,2,0.039,4,0,4,3,0,0,166267000000,0.2345,1.644,0.0028,-0.0734,2.33,3.9033,Perusahaan Sehat
Asuransi Jiwa,23,PT Asuransi Jiwa Syariah Jasa Mitra Abadi,2018,1.33,0.83,0.36,0.57,0.04,0.0,0.0,0.53,2,0.039,4,0,4,3,0,0,179015000000,0.8438,0.1151,0.0126,0.0218,1.8294,1.9791,Area abu-abu
Asuransi Jiwa,23,PT Asuransi Jiwa Syariah Jasa Mitra Abadi,2019,1.74,0.51,0.49,0.86,0.04,0.01,0.01,0.53,2,0.039,4,0,4,2,0,0,198032000000,1.0917,0.3738,0.032,0.0419,1.2244,1.6721,Area abu-abu
Asuransi Jiwa,23,PT Asuransi Jiwa Syariah Jasa Mitra Abadi,2020,1.46,0.97,0.57,1.17,0.0,0.0,0.0,0.53,2,0.039,4,0,4,3,0,0,239408000000,0.4355,0.4738,0.0272,0.0074,0.901,1.4094,Area abu-abu
Asuransi Jiwa,23,PT Asuransi Jiwa Syariah Jasa Mitra Abadi,2021,0.93,0.36,0.54,1.17,0.02,0.01,0.01,0.58,2,0.04,4,0,4,2,0,0,249051000000,0.1938,-0.1,0.0429,0.0510,0.8974,0.8913,Potensi Bangkrut
Asuransi Jiwa,23,PT Asuransi Jiwa Syariah Jasa Mitra Abadi,2022,1.15,0.33,0.58,1.46,0.03,0.01,0.01,0.58,2,0.01,4,0,4,3,0,0,293113000000,-0.0791,0.1882,0.0532,0.0480,0.7172,1.0066,Potensi Bangkrut
Asuransi Jiwa,23,PT Asuransi Jiwa Syariah Jasa Mitra Abadi,2023,0.77,0.09,0.68,1.71,0.03,0.01,0.02,0.58,2,0.01,4,0,4,3,0,0,303072000000,0.4877,-0.4292,0.0786,0.0779,0.6128,0.3401,Potensi Bangkrut
Asuransi Jiwa,23,PT Asuransi Jiwa Syariah Jasa Mitra Abadi,2024,0.62,0.08,0.76,1.89,0.04,0.01,0.02,0.58,2,0.0,3,0,3,3,0,0,306176000000,0.094,-0.9248,0.1079,0.0822,0.5557,-0.179,Potensi Bangkrut
Asuransi Jiwa,24,PT Asuransi Jiwa Syariah Kitabisa,2015,0.92,0.45,0.14,0.17,-0.79,-0.11,-0.14,0.95,1,0.0,3,15,3,3,15,10,71504000000,-0.283,-0.0465,-0.8343,-0.7508,6.1589,4.5273,Perusahaan Sehat
Asuransi Jiwa,24,PT Asuransi Jiwa Syariah Kitabisa,2016,1.32,0.78,0.15,0.19,-0.48,-0.09,-0.11,0.95,1,0.0,3,15,3,2,15,7,68929000000,0.2472,0.2015,-1.1541,-0.5950,5.4109,3.8633,Perusahaan Sehat
Asuransi Jiwa,24,PT Asuransi Jiwa Syariah Kitabisa,2017,1.0,0.49,0.32,0.55,-0.17,-0.03,-0.05,0.95,2,0.0,4,18,4,2,18,7,87746000000,0.1603,-0.0017,-0.9993,-0.2298,1.9001,0.6693,Potensi Bangkrut
Asuransi Jiwa,24,PT Asuransi Jiwa Syariah Kitabisa,2018,1.1,0.37,0.32,0.58,-0.26,-0.07,-0.13,0.95,1,0.0,3,7,3,3,7,5,96855000000,0.8033,0.0742,-1.1402,-0.4805,1.8146,0.2682,Potensi Bangkrut
Asuransi Jiwa,24,PT Asuransi Jiwa Syariah Kitabisa,2019,1.24,0.53,0.28,0.47,0.15,0.07,0.13,0.95,1,0.0,3,10,3,3,10,5,104668000000,0.985,0.1774,-0.8143,0.5035,2.2136,2.0802,Area abu-abu
Asuransi Jiwa,24,PT Asuransi Jiwa Syariah Kitabisa,2020,1.62,0.8,0.31,0.59,0.01,0.0,0.01,0.95,2,0.0,4,13,4,3,13,5,96960000000,-0.4396,0.4217,-0.8645,0.0315,1.7809,1.3697,Area abu-abu
Asuransi Jiwa,24,PT Asuransi Jiwa Syariah Kitabisa,2021,1.57,0.78,0.32,0.59,0.02,0.01,0.01,0.95,2,0.0,4,13,4,3,13,5,95396000000,-0.0551,0.3331,-0.8613,0.0389,1.7738,1.2846,Area abu-abu
Asuransi Jiwa,24,PT Asuransi Jiwa Syariah Kitabisa,2022,1.61,0.38,0.36,0.79,0.03,0.01,0.02,0.95,2,0.0,3,10,3,3,10,5,112679000000,0.4129,0.3771,-0.6951,0.0737,1.3341,1.0899,Potensi Bangkrut
Asuransi Jiwa,24,PT Asuransi Jiwa Syariah Kitabisa,2023,3.7,2.46,0.48,1.2,0.04,0.02,0.04,0.96,2,0.0,3,10,3,2,10,2,151981000000,0.5818,1.6245,-0.4606,0.1171,0.8783,2.1593,Area abu-abu
Asuransi Jiwa,24,PT Asuransi Jiwa Syariah Kitabisa,2024,1.86,1.35,0.52,1.45,0.04,0.02,0.04,0.95,2,0.0,3,10,3,3,10,3,179851000000,0.164,0.6428,-0.3378,0.1295,0.7217,1.1561,Area abu-abu
Asuransi Jiwa,25,PT Asuransi Jiwa Taspen,2015,1.05,0.03,0.87,6.61,0.15,0.02,0.12,1.0,2,0.0,4,8,4,3,8,7,2704180000000,0.9191,0.0013,0.0665,0.1135,0.1588,0.3401,Potensi Bangkrut
Asuransi Jiwa,25,PT Asuransi Jiwa Taspen,2016,3.85,0.03,0.87,6.71,0.05,0.01,0.08,1.0,2,0.0,4,8,4,3,8,7,2966353000000,0.9691,0.1411,0.1209,0.1287,0.1565,0.5473,Potensi Bangkrut
Asuransi Jiwa,25,PT Asuransi Jiwa Taspen,2017,2.96,0.06,0.86,6.0,0.16,0.03,0.23,1.0,2,0.0,4,6,4,4,6,6,3416166470000,0.19,0.2035,0.158,0.1290,0.1751,0.6655,Potensi Bangkrut
Asuransi Jiwa,25,PT Asuransi Jiwa Taspen,2018,6.95,0.02,0.88,7.53,-0.09,-0.02,-0.17,1.0,1,0.0,4,9,4,4,9,6,3459841500000,0.0859,0.5245,0.2155,0.1469,0.1395,1.0264,Potensi Bangkrut
Asuransi Jiwa,25,PT Asuransi Jiwa Taspen,2019,4.25,0.02,0.89,8.32,0.05,0.02,0.19,1.0,2,0.0,6,13,6,5,13,9,4490719460000,1.3397,0.2037,0.1993,0.0915,0.1262,0.6206,Potensi Bangkrut
Asuransi Jiwa,25,PT Asuransi Jiwa Taspen,2020,3.28,0.04,0.9,9.2,0.02,0.01,0.07,1.0,2,0.0,4,11,4,4,11,4,5264244540000,-0.1813,0.1876,0.1763,0.0132,0.1142,0.4913,Potensi Bangkrut
Asuransi Jiwa,25,PT Asuransi Jiwa Taspen,2021,3.08,0.03,0.9,9.39,0.04,0.01,0.11,1.0,2,0.0,4,13,4,3,13,3,6020512330000,0.1828,0.199,0.1883,0.0716,0.1118,0.5707,Potensi Bangkrut
Asuransi Jiwa,25,PT Asuransi Jiwa Taspen,2022,2.31,0.08,0.91,9.71,0.02,0.01,0.06,1.0,2,0.0,4,10,4,4,10,4,6600387150000,0.0823,0.1219,0.2144,0.0874,0.1082,0.5319,Potensi Bangkrut
Asuransi Jiwa,25,PT Asuransi Jiwa Taspen,2023,1.8,0.06,0.91,9.53,0.05,0.01,0.14,1.0,2,0.0,3,9,3,4,9,4,7499012820000,-0.0268,0.0832,0.2282,0.0814,0.1102,0.503,Potensi Bangkrut
Asuransi Jiwa,25,PT Asuransi Jiwa Taspen,2024,1.57,0.09,0.92,11.24,-0.01,-0.0,-0.03,1.0,2,0.0,3,12,3,4,12,6,8435110860000,0.1889,0.0627,0.253,0.1036,0.0934,0.5127,Potensi Bangkrut
Asuransi Jiwa,26,PT Asuransi Jiwa Teguh Pelita Pelindung,2022,0.28,0.02,0.03,0.04,-1.8,-0.02,-0.02,0.0,0,0.0,0,0,0,0,0,0,132949170000,0.0,-0.1395,-0.1594,-0.1556,29.1882,28.7338,Perusahaan Sehat
Asuransi Jiwa,26,PT Asuransi Jiwa Teguh Pelita Pelindung,2023,0.19,0.0,0.03,0.03,-0.53,-0.01,-0.01,0.98,2,0.0,4,0,4,3,0,0,132473380000,0.294,-0.1463,-0.1914,-0.0593,33.2029,32.8059,Perusahaan Sehat
Asuransi Jiwa,26,PT Asuransi Jiwa Teguh Pelita Pelindung,2024,110.45,109.89,0.01,0.01,0.51,0.04,0.04,0.98,2,0.0,3,0,3,3,0,0,159746690000,4.8328,5.2892,-0.0239,0.2779,106.6285,112.1718,Perusahaan Sehat
Asuransi Jiwa,27,PT Asuransi Simas Jiwa,2015,1.33,0.44,0.55,1.21,0.05,0.02,0.05,0.5,2,0.0,4,0,4,0,0,0,1239559000000,-0.4942,0.229,0.1415,0.1194,0.8702,1.3601,Area abu-abu
Asuransi Jiwa,27,PT Asuransi Simas Jiwa,2016,0.53,0.14,0.95,20.67,0.0,0.0,0.07,0.5,2,0.0,4,0,4,0,0,0,13122331000000,22.2454,-0.0517,0.0257,0.0242,0.0508,0.049,Potensi Bangkrut
Asuransi Jiwa,27,PT Asuransi Simas Jiwa,2017,0.18,0.11,0.97,36.02,0.01,0.0,0.17,0.99,2,0.0,4,0,4,0,0,0,24838435000000,0.3398,-0.2234,0.0221,0.0308,0.0291,-0.1414,Potensi Bangkrut
Asuransi Jiwa,27,PT Asuransi Simas Jiwa,2018,0.17,0.09,0.97,38.0,0.01,0.0,0.15,0.99,2,0.0,4,0,4,0,0,0,30914118000000,0.1124,-0.2045,0.0305,0.0260,0.0276,-0.1204,Potensi Bangkrut
Asuransi Jiwa,27,PT Asuransi Simas Jiwa,2019,0.49,0.23,0.97,36.57,0.01,0.0,0.15,0.99,2,0.0,3,0,3,0,0,0,35182475000000,0.0434,-0.0659,0.0403,0.0277,0.0287,0.0308,Potensi Bangkrut
Asuransi Jiwa,27,PT Asuransi Simas Jiwa,2020,0.75,0.32,0.97,29.2,0.01,0.0,0.12,0.99,2,0.0,3,0,3,0,0,0,32223291000000,-0.0772,-0.0428,0.0572,0.0272,0.036,0.0775,Potensi Bangkrut
Asuransi Jiwa,27,PT Asuransi Simas Jiwa,2021,0.66,0.29,0.97,29.43,0.01,0.0,0.09,0.99,2,0.0,3,0,3,0,0,0,33647581000000,0.039,-0.0675,0.0585,0.0208,0.0357,0.0475,Potensi Bangkrut
Asuransi Jiwa,27,PT Asuransi Simas Jiwa,2022,1.02,0.27,0.96,22.1,0.01,0.01,0.16,0.99,2,0.0,3,0,3,0,0,0,28879077000000,-0.2297,0.0036,0.0845,0.0452,0.0475,0.1808,Potensi Bangkrut
Asuransi Jiwa,27,PT Asuransi Simas Jiwa,2023,0.52,0.34,0.94,16.24,0.02,0.01,0.12,0.99,2,0.0,3,0,3,0,0,0,23420850000000,-0.5025,-0.1181,0.1193,0.0454,0.0647,0.1112,Potensi Bangkrut
Asuransi Jiwa,27,PT Asuransi Simas Jiwa,2024,0.53,0.26,0.94,14.75,0.02,0.01,0.11,0.99,2,0.0,3,0,3,0,0,0,24021114000000,0.0966,-0.1287,0.1389,0.0466,0.0712,0.1279,Potensi Bangkrut
Asuransi Jiwa,28,PT Asuransi Syariah Keluarga Indonesia,2016,2.76,1.34,0.11,0.13,0.07,0.01,0.01,0.0,0,0.0,0,0,0,0,0,0,69732000000,4.488,0.9575,0.0697,0.0835,8.2566,9.3672,Perusahaan Sehat
Asuransi Jiwa,28,PT Asuransi Syariah Keluarga Indonesia,2017,3.16,1.6,0.18,0.22,0.04,0.01,0.01,0.0,0,0.0,0,0,0,0,0,0,74776000000,0.1519,1.6884,0.0346,0.0415,4.7113,6.4759,Perusahaan Sehat
Asuransi Jiwa,28,PT Asuransi Syariah Keluarga Indonesia,2018,1.71,1.21,0.32,0.48,-0.16,-0.03,-0.04,0.0,0,0.0,0,0,0,0,0,0,89317000000,0.0158,0.9829,-0.0709,-0.1758,2.1969,2.9331,Perusahaan Sehat
Asuransi Jiwa,28,PT Asuransi Syariah Keluarga Indonesia,2019,2.48,0.98,0.38,0.61,0.13,0.03,0.04,0.99,2,0.0,3,0,3,3,0,0,105000000000,0.4058,1.361,0.0386,0.1693,1.727,3.2959,Perusahaan Sehat
Asuransi Jiwa,28,PT Asuransi Syariah Keluarga Indonesia,2020,2.28,1.19,0.44,0.83,0.03,0.0,0.01,0.99,2,0.0,3,0,3,4,0,0,121421000000,0.0189,1.4851,0.0427,0.0376,1.2717,2.8372,Perusahaan Sehat
Asuransi Jiwa,28,PT Asuransi Syariah Keluarga Indonesia,2021,2.13,1.34,0.5,1.06,0.01,0.0,0.0,0.99,2,0.0,3,0,3,4,0,0,140074000000,-0.0516,1.5776,0.022,0.0195,0.9863,2.6055,Perusahaan Sehat
Asuransi Jiwa,28,PT Asuransi Syariah Keluarga Indonesia,2022,2.36,1.47,0.53,1.23,0.05,0.01,0.02,0.99,2,0.0,3,0,3,4,0,0,154307000000,0.0854,1.8682,0.0314,0.0419,0.8556,2.797,Perusahaan Sehat
Asuransi Jiwa,28,PT Asuransi Syariah Keluarga Indonesia,2023,1.95,1.32,0.5,1.14,0.07,0.01,0.03,0.99,2,0.0,3,0,3,3,0,0,154726000000,0.3538,1.5464,0.0565,0.0846,0.9249,2.6124,Perusahaan Sehat
Asuransi Jiwa,28,PT Asuransi Syariah Keluarga Indonesia,2024,1.98,1.28,0.4,0.85,0.22,0.03,0.07,0.99,2,0.0,3,0,3,3,0,0,155845000000,-0.1488,1.6461,0.1485,0.2422,1.2311,3.2679,Perusahaan Sehat
Asuransi Jiwa,29,PT Asuransi Takaful Keluarga,2015,1.1,0.0,0.23,1.48,0.05,0.01,0.04,0.57,1,0.0,4,0,4,3,0,0,1064512000000,-0.0805,0.0208,0.0819,0.1287,0.7089,0.9402,Potensi Bangkrut
Asuransi Jiwa,29,PT Asuransi Takaful Keluarga,2016,1.93,1.31,0.22,1.38,0.18,0.02,0.13,0.57,1,0.0,4,0,4,3,0,0,1162835000000,0.0985,0.1511,0.1217,0.1183,0.7589,1.1499,Area abu-abu
Asuransi Jiwa,29,PT Asuransi Takaful Keluarga,2017,1.7,0.96,0.2,1.95,0.15,0.01,0.09,0.57,1,0.0,4,0,4,2,0,0,1660572000000,-0.202,0.0908,0.0424,0.0545,0.5382,0.726,Potensi Bangkrut
Asuransi Jiwa,29,PT Asuransi Takaful Keluarga,2018,0.87,0.25,0.21,2.12,0.12,0.01,0.07,0.57,2,0.0,4,0,4,3,0,0,1712378000000,0.047,-0.0338,0.0475,0.0399,0.4962,0.5498,Potensi Bangkrut
Asuransi Jiwa,29,PT Asuransi Takaful Keluarga,2019,1.11,0.23,0.26,2.53,0.08,0.01,0.05,0.57,2,0.0,4,0,4,3,0,0,1805094000000,0.1429,0.0307,0.0614,0.0351,0.4149,0.5421,Potensi Bangkrut
Asuransi Jiwa,29,PT Asuransi Takaful Keluarga,2020,1.06,0.37,0.27,2.49,0.09,0.01,0.05,0.57,2,0.0,3,0,3,3,0,0,1821015000000,-0.1105,0.0127,0.0803,0.0412,0.4213,0.5556,Potensi Bangkrut
Asuransi Jiwa,29,PT Asuransi Takaful Keluarga,2021,1.17,0.24,0.32,2.71,0.14,0.01,0.07,0.57,2,0.0,3,0,3,2,0,0,1820850000000,0.0032,0.0468,0.107,0.0604,0.3867,0.6009,Potensi Bangkrut
Asuransi Jiwa,29,PT Asuransi Takaful Keluarga,2022,1.13,0.3,0.35,2.95,0.03,0.0,0.01,0.57,2,0.0,4,0,4,2,0,0,1844693000000,-0.0309,0.0297,0.1188,0.0140,0.3555,0.518,Potensi Bangkrut
Asuransi Jiwa,29,PT Asuransi Takaful Keluarga,2023,1.26,0.12,0.38,3.58,0.06,0.0,0.04,0.57,2,0.0,3,0,3,3,0,0,1791328000000,0.0889,0.0793,0.0667,0.0369,0.2934,0.4763,Potensi Bangkrut
Asuransi Jiwa,29,PT Asuransi Takaful Keluarga,2024,0.83,0.26,0.34,2.91,0.04,0.0,0.03,0.57,2,0.0,4,0,4,3,0,0,1662152000000,0.2223,-0.0522,0.1031,0.0219,0.3612,0.4339,Potensi Bangkrut
Asuransi Jiwa,30,PT Avrist Assurance,2017,0.3,0.08,0.81,4.31,0.16,0.04,0.22,0.0,0,0.0,0,0,0,0,0,0,10926484000000,0.0,-0.5176,0.4523,0.1172,0.2436,0.2954,Potensi Bangkrut
Asuransi Jiwa,30,PT Avrist Assurance,2018,0.34,0.05,0.82,4.71,-0.1,-0.02,-0.12,0.65,2,0.0,4,0,4,3,0,0,10229507000000,-0.2495,-0.5254,0.5465,0.1090,0.2229,0.353,Potensi Bangkrut
Asuransi Jiwa,30,PT Avrist Assurance,2019,0.47,0.06,0.82,4.66,0.1,0.03,0.19,0.65,2,0.0,4,0,4,4,0,0,11985227000000,0.8387,-0.3743,0.4808,0.0802,0.2253,0.4121,Potensi Bangkrut
Asuransi Jiwa,30,PT Avrist Assurance,2020,0.66,0.14,0.8,4.11,0.07,0.01,0.06,0.65,2,0.0,3,0,3,3,0,0,11238753000000,-0.5475,-0.2606,0.5127,0.0478,0.2555,0.5555,Potensi Bangkrut
Asuransi Jiwa,30,PT Avrist Assurance,2021,0.53,0.03,0.77,3.32,0.06,0.01,0.03,0.65,2,0.0,3,0,3,3,0,0,9745939000000,-0.3091,-0.369,0.6198,0.0843,0.316,0.6511,Potensi Bangkrut
Asuransi Jiwa,30,PT Avrist Assurance,2022,0.47,0.06,0.73,2.68,-0.2,-0.04,-0.16,0.65,2,0.0,3,0,3,4,0,0,7080639000000,0.2234,-0.5199,0.8893,0.1173,0.3912,0.8778,Potensi Bangkrut
Asuransi Jiwa,30,PT Avrist Assurance,2023,0.49,0.06,0.67,2.08,0.14,0.02,0.08,0.65,2,0.0,2,0,2,3,0,0,7019115000000,-0.1932,-0.5016,0.9128,0.1246,0.506,1.0417,Potensi Bangkrut
Asuransi Jiwa,30,PT Avrist Assurance,2024,0.39,0.03,0.67,2.05,-0.01,-0.0,-0.0,0.65,3,0.0,3,0,3,4,0,0,6182592000000,-0.2328,-0.7148,0.955,0.1145,0.5134,0.8681,Potensi Bangkrut
Asuransi Jiwa,31,PT Axa Financial Indonesia,2019,0.81,0.24,0.84,5.37,-0.0,-0.0,-0.0,0.0,0,0.0,0,0,0,0,0,0,6174958000000,0.0,-0.0911,0.1887,-0.0215,0.1955,0.2716,Potensi Bangkrut
Asuransi Jiwa,31,PT Axa Financial Indonesia,2020,0.67,0.09,0.84,5.16,0.05,0.01,0.07,0.91,2,0.0,3,0,3,3,0,0,6360147000000,-0.1532,-0.1954,0.2144,0.1114,0.2035,0.3339,Potensi Bangkrut
Asuransi Jiwa,31,PT Axa Financial Indonesia,2021,0.63,0.12,0.82,4.61,0.09,0.02,0.11,0.91,2,0.0,3,0,3,3,0,0,6454782000000,0.0615,-0.2285,0.2697,0.1215,0.2276,0.3903,Potensi Bangkrut
Asuransi Jiwa,31,PT Axa Financial Indonesia,2022,0.7,0.06,0.82,4.45,0.05,0.01,0.06,0.91,2,0.0,3,0,3,3,0,0,6650529000000,0.0052,-0.2402,0.2965,0.0545,0.2358,0.3465,Potensi Bangkrut
Asuransi Jiwa,31,PT Axa Financial Indonesia,2023,0.74,0.08,0.76,3.18,-0.04,-0.01,-0.04,0.91,2,0.0,4,0,4,3,0,0,7227612000000,0.1822,-0.1806,0.2406,-0.0643,0.3305,0.3261,Potensi Bangkrut
Asuransi Jiwa,31,PT Axa Financial Indonesia,2024,0.67,0.31,0.75,2.97,-0.03,-0.01,-0.03,0.91,2,0.0,4,0,4,4,0,0,6708375000000,0.0746,-0.1607,0.2476,-0.0530,0.3532,0.3871,Potensi Bangkrut
Asuransi Jiwa,32,PT Axa Mandiri Financial Services,2016,14.98,0.4,0.91,10.17,0.13,0.05,0.56,0.0,0,0.0,0,0,0,0,0,0,25983699000000,0.0,6.0759,0.2774,0.4289,0.1032,6.8855,Perusahaan Sehat
Asuransi Jiwa,32,PT Axa Mandiri Financial Services,2017,20.04,0.8,0.93,12.91,0.08,0.03,0.46,0.51,2,0.0,4,0,4,4,0,0,30228537000000,0.2441,6.2021,0.2142,0.2768,0.0813,6.7744,Perusahaan Sehat
Asuransi Jiwa,32,PT Axa Mandiri Financial Services,2018,22.51,1.23,0.92,11.97,0.13,0.03,0.42,0.51,2,0.0,4,0,4,3,0,0,29576153000000,-0.4174,6.2451,0.2453,0.2857,0.0878,6.8639,Perusahaan Sehat
Asuransi Jiwa,32,PT Axa Mandiri Financial Services,2019,23.23,0.83,0.91,10.26,0.09,0.03,0.35,0.51,2,0.0,4,0,4,4,0,0,32753111000000,0.4445,6.256,0.2741,0.2393,0.1023,6.8717,Perusahaan Sehat
Asuransi Jiwa,32,PT Axa Mandiri Financial Services,2020,0.72,0.55,0.92,11.54,0.08,0.03,0.33,0.51,2,0.0,4,12,4,5,12,13,37555991000000,0.1311,-0.1002,0.2393,0.2018,0.091,0.4318,Potensi Bangkrut
Asuransi Jiwa,32,PT Axa Mandiri Financial Services,2021,0.55,0.39,0.93,12.56,0.07,0.03,0.34,0.51,2,0.0,4,13,4,4,13,10,41079324000000,0.2347,-0.1923,0.2219,0.1907,0.0836,0.3039,Potensi Bangkrut
Asuransi Jiwa,32,PT Axa Mandiri Financial Services,2022,1.05,0.86,0.92,11.4,0.08,0.03,0.36,0.51,2,0.0,4,16,4,5,16,11,40154026000000,-0.0246,0.0216,0.2489,0.2373,0.0921,0.5999,Potensi Bangkrut
Asuransi Jiwa,32,PT Axa Mandiri Financial Services,2023,0.87,0.65,0.91,10.35,0.09,0.03,0.37,0.51,2,0.0,4,16,4,5,16,11,41114473000000,-0.0412,-0.0546,0.2712,0.2558,0.1015,0.5739,Potensi Bangkrut
Asuransi Jiwa,32,PT Axa Mandiri Financial Services,2024,1.18,0.85,0.89,9.83,0.1,0.03,0.34,0.51,2,0.0,4,16,4,5,16,11,41914379000000,-0.1116,0.076,0.2846,0.2532,0.1069,0.7207,Potensi Bangkrut
Asuransi Jiwa,33,PT Bhinneka Life Indonesia,2017,0.28,0.13,0.51,1.02,0.0,0.0,0.0,1.0,2,0.0,2,4,2,4,4,0,1237823420000,0.0,-0.3489,-0.1252,-0.3025,1.0253,0.2488,Potensi Bangkrut
Asuransi Jiwa,33,PT Bhinneka Life Indonesia,2018,0.67,0.1,0.63,1.67,0.02,0.01,0.03,1.0,2,0.0,3,5,3,4,5,0,1679206000000,0.0,-0.1769,-0.0779,0.0376,0.6298,0.4125,Potensi Bangkrut
Asuransi Jiwa,33,PT Bhinneka Life Indonesia,2019,0.8,0.09,0.66,1.91,0.03,0.02,0.06,1.0,2,0.0,3,5,3,4,5,0,1939912000000,0.0079,-0.2067,-0.0225,0.1160,0.5501,0.4368,Potensi Bangkrut
Asuransi Jiwa,33,PT Bhinneka Life Indonesia,2020,4.48,0.37,0.74,2.8,-0.46,-0.23,-0.88,1.0,2,0.0,3,5,3,4,5,0,1342235000000,-0.3637,1.503,-0.3243,-0.9975,0.3753,0.5566,Potensi Bangkrut
Asuransi Jiwa,33,PT Bhinneka Life Indonesia,2021,0.21,0.11,0.71,2.47,0.09,0.04,0.14,1.0,2,0.0,3,5,3,4,5,0,1434941000000,-0.0774,-0.3223,-0.3999,-0.1990,0.4244,-0.4969,Potensi Bangkrut
Asuransi Jiwa,33,PT Bhinneka Life Indonesia,2022,0.27,0.2,0.51,2.64,-0.12,-0.05,-0.27,1.0,2,0.0,3,5,3,4,5,0,1681509000000,0.204,-0.2135,-0.3041,0.0777,0.3971,-0.0428,Potensi Bangkrut
Asuransi Jiwa,33,PT Bhinneka Life Indonesia,2023,0.3,0.18,0.53,2.85,0.0,0.0,0.0,1.0,2,0.0,3,5,3,4,5,0,1752173000000,0.0921,-0.1308,-0.2725,0.0399,0.3686,0.0052,Potensi Bangkrut
Asuransi Jiwa,33,PT Bhinneka Life Indonesia,2024,0.73,0.31,0.74,2.84,0.05,0.03,0.13,1.0,2,0.0,3,5,3,4,5,0,1434685000000,0.1953,-0.0842,-0.0645,0.5532,0.3693,0.7738,Potensi Bangkrut
Asuransi Jiwa,34,PT BNI Life Insurance,2015,1.19,0.49,0.51,1.06,0.05,0.02,0.04,0.6,3,0.0,5,13,5,4,13,8,9915762000000,0.8687,0.0283,0.1112,0.1047,0.9944,1.2387,Area abu-abu
Asuransi Jiwa,34,PT BNI Life Insurance,2016,1.64,0.8,0.62,1.66,0.02,0.01,0.03,0.6,2,0.0,5,13,5,5,13,9,13069215000000,0.57,0.1058,0.1183,0.0883,0.6311,0.9435,Potensi Bangkrut
Asuransi Jiwa,34,PT BNI Life Insurance,2017,1.04,0.38,0.67,2.02,0.07,0.03,0.09,0.6,2,0.0,4,13,4,4,13,8,15733814000000,0.2176,0.0059,0.1339,0.1421,0.5204,0.8022,Potensi Bangkrut
Asuransi Jiwa,34,PT BNI Life Insurance,2018,0.66,0.08,0.69,2.25,-0.01,-0.0,-0.01,0.6,3,0.0,5,16,5,4,16,8,16472664000000,-0.121,-0.1592,0.1396,0.0658,0.4659,0.5121,Potensi Bangkrut
Asuransi Jiwa,34,PT BNI Life Insurance,2019,0.86,0.03,0.69,2.19,0.07,0.03,0.08,0.6,3,0.0,5,16,5,5,16,11,17356774000000,0.01,-0.0224,0.1759,0.1129,0.4796,0.7459,Potensi Bangkrut
Asuransi Jiwa,34,PT BNI Life Insurance,2020,0.87,0.12,0.71,2.45,0.06,0.02,0.06,0.6,3,0.0,5,16,5,5,16,11,19539925000000,-0.1247,-0.017,0.1632,0.0470,0.4294,0.6227,Potensi Bangkrut
Asuransi Jiwa,34,PT BNI Life Insurance,2021,0.72,0.05,0.74,2.8,0.01,0.0,0.01,0.6,3,0.0,5,17,5,5,17,11,21685279000000,0.0846,-0.1141,0.1619,0.0290,0.3751,0.4519,Potensi Bangkrut
Asuransi Jiwa,34,PT BNI Life Insurance,2022,0.79,0.06,0.74,2.87,0.05,0.02,0.06,0.0,0,0.0,0,0,0,0,0,0,22212474000000,0.1679,-0.0415,0.1799,0.0443,0.3654,0.5481,Potensi Bangkrut
Asuransi Jiwa,34,PT BNI Life Insurance,2023,0.56,0.06,0.74,2.92,0.0,0.0,0.0,0.6,3,0.0,5,0,5,4,0,0,23602266000000,0.0,-0.0917,0.1966,0.0810,0.3601,0.546,Potensi Bangkrut
Asuransi Jiwa,34,PT BNI Life Insurance,2024,0.39,0.02,0.76,3.21,0.01,0.0,0.01,0.6,1,0.0,3,10,3,4,10,8,25240685000000,0.0,-0.1596,0.2078,0.0890,0.3273,0.4645,Potensi Bangkrut
Asuransi Jiwa,35,PT Capital Life Indonesia,2020,1.7,1.14,0.73,2.75,0.01,0.01,0.05,0.0,0,0.0,0,0,0,0,0,0,6861957190000,0.0,0.0397,0.1159,0.0752,0.3813,0.6123,Potensi Bangkrut
Asuransi Jiwa,35,PT Capital Life Indonesia,2021,0.47,0.27,0.72,2.55,0.01,0.02,0.07,1.0,2,0.0,4,0,4,3,0,0,6975768190000,0.338,-0.1245,0.1511,0.0764,0.4113,0.5142,Potensi Bangkrut
Asuransi Jiwa,35,PT Capital Life Indonesia,2022,0.44,0.3,0.67,2.03,0.01,0.01,0.02,1.0,2,0.0,4,0,4,3,0,0,6087701790000,-0.3246,-0.2085,0.1978,0.0510,0.5183,0.5585,Potensi Bangkrut
Asuransi Jiwa,35,PT Capital Life Indonesia,2023,0.66,0.32,0.62,1.99,0.01,0.01,0.04,1.0,2,0.0,4,0,4,3,0,0,4352235560000,-0.4028,-0.0944,0.0492,0.0736,0.5285,0.5569,Potensi Bangkrut
Asuransi Jiwa,35,PT Capital Life Indonesia,2024,0.57,0.33,0.65,2.31,-0.04,-0.04,-0.13,1.0,2,0.0,4,0,4,3,0,0,4260842770000,-0.1941,-0.1261,-0.0726,-0.0349,0.4543,0.2207,Potensi Bangkrut
Asuransi Jiwa,36,PT Capital Life syariah,2016,0.4,0.4,0.02,0.02,0.44,0.01,0.01,0.0,0,0.0,0,0,0,0,0,0,53760200000,0.0,-0.0658,0.0221,0.0260,61.9868,61.9691,Perusahaan Sehat
Asuransi Jiwa,36,PT Capital Life syariah,2017,3.69,3.69,0.03,0.34,0.27,0.0,0.07,1.0,2,0.0,3,5,3,3,5,5,778476670000,16.2104,0.4338,0.0079,0.0144,3.0593,3.5154,Perusahaan Sehat
Asuransi Jiwa,36,PT Capital Life syariah,2018,0.62,0.62,0.04,0.14,0.3,0.01,0.03,1.0,2,0.0,3,5,3,3,5,7,1964847040000,2.3457,-0.1002,0.027,0.0539,7.4138,7.3945,Perusahaan Sehat
Asuransi Jiwa,36,PT Capital Life syariah,2019,0.62,0.62,0.06,0.36,-0.19,-0.01,-0.04,1.0,2,0.0,3,5,3,3,5,7,3207673580000,1.335,-0.1503,0.0328,0.0364,2.8911,2.8099,Perusahaan Sehat
Asuransi Jiwa,36,PT Capital Life syariah,2020,0.51,0.5,0.12,0.64,0.22,0.01,0.04,1.0,2,0.0,3,5,3,3,5,7,3055349430000,0.0055,-0.3803,0.0544,0.0474,1.634,1.3555,Area abu-abu
Asuransi Jiwa,36,PT Capital Life syariah,2021,0.18,0.18,0.1,0.71,-0.09,-0.0,-0.03,1.0,2,0.0,3,5,3,3,5,9,3988679990000,0.5264,-0.5056,0.0575,0.0373,1.486,1.0752,Potensi Bangkrut
Asuransi Jiwa,36,PT Capital Life syariah,2022,0.19,0.2,0.08,0.6,0.0,0.0,0.0,1.0,2,0.0,3,7,3,3,7,9,4245491780000,0.2413,-0.3475,0.0753,0.0495,1.7508,1.5282,Area abu-abu
Asuransi Jiwa,36,PT Capital Life syariah,2023,0.14,0.13,0.09,0.47,0.22,0.01,0.08,1.0,2,0.0,3,7,3,3,7,9,3240789950000,-0.008,-0.3475,0.129,0.0673,2.2182,2.067,Area abu-abu
Asuransi Jiwa,37,PT Central Asia Financial,2017,1.55,0.06,0.18,0.22,-0.6,-0.17,-0.21,0.0,0,0.0,0,0,0,0,0,0,140505220000,0.0,0.1851,-1.8835,-1.0217,4.7109,1.9909,Area abu-abu
Asuransi Jiwa,37,PT Central Asia Financial,2018,0.91,0.09,0.22,0.28,-0.55,-0.16,-0.2,0.84,2,0.0,4,0,4,3,0,0,143642400000,0.0519,-0.0384,-2.4912,-1.3375,3.7274,-0.1396,Potensi Bangkrut
Asuransi Jiwa,37,PT Central Asia Financial,2019,0.77,0.11,0.25,0.33,-0.68,-0.21,-0.29,0.85,2,0.0,3,0,3,3,0,0,157594280000,0.1938,-0.144,-2.9988,-1.5010,3.1613,-1.4824,Potensi Bangkrut
Asuransi Jiwa,37,PT Central Asia Financial,2020,0.7,0.04,0.28,0.4,-0.63,-0.19,-0.26,0.0,0,0.0,0,0,0,0,0,0,169752220000,0.0092,-0.1867,-3.361,-1.1894,2.6575,-2.0797,Potensi Bangkrut
Asuransi Jiwa,37,PT Central Asia Financial,2021,0.64,0.04,0.26,0.35,-0.57,-0.14,-0.19,0.67,2,0.0,3,0,3,3,0,0,171563860000,-0.1618,-0.1277,-3.8071,-0.9927,3.0402,-1.8872,Potensi Bangkrut
Asuransi Jiwa,37,PT Central Asia Financial,2022,0.63,0.09,0.27,0.37,-0.53,-0.13,-0.18,0.61,2,0.0,3,0,3,3,0,0,176564460000,0.0472,-0.1253,-4.1467,-0.9224,2.8755,-2.3189,Potensi Bangkrut
Asuransi Jiwa,37,PT Central Asia Financial,2023,0.99,0.06,0.34,0.52,-0.85,-0.19,-0.29,0.57,2,0.0,3,0,3,4,0,0,181228690000,-0.0604,-0.0046,-4.6175,-1.1904,2.0247,-3.7878,Potensi Bangkrut
Asuransi Jiwa,37,PT Central Asia Financial,2024,1.83,0.19,0.41,0.69,-0.9,-0.18,-0.3,0.49,2,0.0,3,0,3,4,0,0,207086000000,-0.0171,0.4191,-4.6044,-1.1614,1.5256,-3.8212,Potensi Bangkrut
Asuransi Jiwa,38,PT China Life Insurance Indonesia,2018,0.64,0.37,0.03,0.03,-0.74,-0.03,-0.03,0.8,2,0.0,4,0,4,4,0,0,382472000000,0.872,-0.0713,-0.0804,-0.1557,33.6211,33.3137,Perusahaan Sehat
Asuransi Jiwa,38,PT China Life Insurance Indonesia,2019,0.93,0.07,0.13,0.14,-1.16,-0.08,-0.09,0.8,2,0.0,3,0,3,4,0,0,387737000000,0.8726,-0.0461,-0.3481,-0.4893,7.2907,6.4072,Perusahaan Sehat
Asuransi Jiwa,38,PT China Life Insurance Indonesia,2020,0.75,0.1,0.31,0.45,-0.81,-0.06,-0.09,0.8,2,0.0,3,0,3,4,0,0,449491000000,0.2708,-0.3083,-0.5058,-0.3835,2.3477,1.1501,Area abu-abu
Asuransi Jiwa,38,PT China Life Insurance Indonesia,2021,2.84,0.79,0.39,0.63,-0.97,-0.06,-0.09,0.8,2,0.0,4,0,4,4,0,0,425122000000,-0.2978,1.3604,-0.9177,-0.3421,1.6639,1.7645,Area abu-abu
Asuransi Jiwa,38,PT China Life Insurance Indonesia,2022,8.46,2.27,0.43,0.75,-1.34,-0.09,-0.16,0.8,2,0.0,4,0,4,5,0,0,392960000000,0.0937,2.5772,-1.2915,-0.6083,1.4013,2.0787,Area abu-abu
Asuransi Jiwa,38,PT China Life Insurance Indonesia,2023,12.9,3.17,0.53,1.14,-0.87,-0.13,-0.28,0.8,2,0.0,3,0,3,4,0,0,377348000000,1.1368,2.6788,-1.7614,-0.8718,0.9222,0.9678,Potensi Bangkrut
Asuransi Jiwa,38,PT China Life Insurance Indonesia,2024,6.3,1.94,0.66,1.99,-1.16,-0.13,-0.39,0.8,2,0.0,4,0,4,4,0,0,378530000000,-0.2527,2.7945,2.1833,-0.8474,0.529,4.6594,Perusahaan Sehat
Asuransi Jiwa,39,PT Chubb Life Insurance Indonesia,2015,1.07,0.17,0.75,3.03,-0.05,-0.03,-0.13,0.98,2,0.0,4,0,4,3,0,0,1642577000000,0.081,0.0402,-0.2452,-0.1719,0.3466,-0.0303,Potensi Bangkrut
Asuransi Jiwa,39,PT Chubb Life Insurance Indonesia,2016,0.92,0.05,0.81,4.26,-0.02,-0.01,-0.06,0.98,2,0.0,4,0,4,4,0,0,2028209000000,0.1297,-0.0528,-0.2526,-0.1258,0.2464,-0.1847,Potensi Bangkrut
Asuransi Jiwa,39,PT Chubb Life Insurance Indonesia,2017,0.81,0.16,0.81,4.15,0.08,0.05,0.24,0.98,2,0.0,5,0,5,4,0,0,2626619000000,0.2187,-0.0916,-0.0809,0.2893,0.253,0.3698,Potensi Bangkrut
Asuransi Jiwa,39,PT Chubb Life Insurance Indonesia,2018,1.19,0.61,0.78,3.56,0.03,0.01,0.06,0.98,2,0.0,4,0,4,4,0,0,2735670000000,-0.4868,0.0802,0.0707,0.3802,0.2949,0.8261,Potensi Bangkrut
Asuransi Jiwa,39,PT Chubb Life Insurance Indonesia,2019,0.9,0.49,0.74,2.87,0.05,0.02,0.09,0.98,2,0.0,3,0,3,4,0,0,2726383000000,0.1414,-0.0385,0.171,0.2527,0.3656,0.7508,Potensi Bangkrut
Asuransi Jiwa,39,PT Chubb Life Insurance Indonesia,2020,1.0,0.76,0.7,2.29,0.04,0.01,0.08,0.98,2,0.0,3,0,3,3,0,0,2741223000000,-0.1258,0.0021,0.2661,0.2324,0.4592,0.9598,Potensi Bangkrut
Asuransi Jiwa,39,PT Chubb Life Insurance Indonesia,2021,0.88,0.52,0.68,2.12,0.0,0.0,0.01,0.98,1,0.0,2,0,2,2,0,0,2690231000000,0.2444,-0.0695,0.319,0.0868,0.4957,0.8319,Potensi Bangkrut
Asuransi Jiwa,39,PT Chubb Life Insurance Indonesia,2022,0.51,0.23,0.7,2.31,-0.0,-0.0,-0.01,0.98,2,0.0,3,0,3,4,0,0,2650010000000,-0.0671,-0.3562,0.297,-0.0611,0.4543,0.334,Potensi Bangkrut
Asuransi Jiwa,39,PT Chubb Life Insurance Indonesia,2023,0.86,0.41,0.71,2.4,-0.06,-0.02,-0.11,0.59,3,0.0,4,0,4,6,0,0,4022226000000,-0.0866,-0.1146,0.1111,-0.1365,0.4367,0.2967,Potensi Bangkrut
Asuransi Jiwa,39,PT Chubb Life Insurance Indonesia,2024,0.49,0.17,0.72,2.56,0.0,0.0,0.0,0.59,2,0.0,4,0,4,5,0,0,3619977000000,-0.0761,-0.533,0.01,-0.2545,0.4102,-0.3673,Potensi Bangkrut
Asuransi Jiwa,40,PT Equity Life Indonesia,2018,1.18,0.15,0.82,4.43,0.0,0.0,0.0,0.0,0,0.0,0,0,0,0,0,0,2378498000000,0.0,0.0493,0.2566,0.0748,0.2368,0.6174,Potensi Bangkrut
Asuransi Jiwa,40,PT Equity Life Indonesia,2019,1.18,0.11,0.81,4.33,0.0,0.0,0.0,0.58,1,0.0,3,0,3,6,0,0,2492624000000,0.0,0.0509,0.2697,0.0889,0.2425,0.652,Potensi Bangkrut
Asuransi Jiwa,40,PT Equity Life Indonesia,2020,0.95,0.17,0.81,4.39,0.0,0.0,0.0,0.58,2,0.0,4,0,4,6,0,0,2412636000000,0.0,-0.0184,0.2407,0.0758,0.2393,0.5375,Potensi Bangkrut
Asuransi Jiwa,40,PT Equity Life Indonesia,2021,1.57,0.12,0.83,4.74,0.0,0.0,0.0,0.58,2,0.0,4,0,4,6,0,0,2456501000000,0.0,0.1541,0.2256,0.0423,0.2214,0.6434,Potensi Bangkrut
Asuransi Jiwa,40,PT Equity Life Indonesia,2022,1.74,0.12,0.81,4.26,0.0,0.0,0.0,0.62,2,0.0,4,0,4,6,0,0,2561445000000,0.0,0.1856,0.2304,0.0290,0.2467,0.6917,Potensi Bangkrut
Asuransi Jiwa,40,PT Equity Life Indonesia,2023,1.07,0.13,0.82,4.65,0.0,0.0,0.0,0.62,2,0.0,4,0,4,6,0,0,2481923000000,0.0,0.019,0.1666,-0.1467,0.2256,0.2646,Potensi Bangkrut
Asuransi Jiwa,40,PT Equity Life Indonesia,2024,0.9,0.07,0.81,4.35,0.0,0.0,0.0,0.62,2,0.0,4,0,4,6,0,0,2348307000000,0.0,-0.0339,0.1064,0.0170,0.2416,0.331,Potensi Bangkrut
Asuransi Jiwa,41,PT FWD Insurance Indonesia,2018,1.01,0.19,0.74,3.65,-0.81,-0.33,-1.63,0.0,0,0.0,0,0,0,0,0,0,1484207000000,0.0,0.0083,-3.6923,-2.1715,0.2875,-5.568,Potensi Bangkrut
Asuransi Jiwa,41,PT FWD Insurance Indonesia,2019,10.66,9.98,0.2,0.26,-0.34,-0.05,-0.06,0.79,2,0.0,6,0,6,4,0,0,7538924000000,0.6984,4.7915,-0.879,-0.3079,4.0256,7.6301,Perusahaan Sehat
Asuransi Jiwa,41,PT FWD Insurance Indonesia,2020,1.75,1.31,0.58,1.39,-0.12,-0.03,-0.06,0.79,3,0.0,6,0,6,5,0,0,13444989000000,1.8964,0.3692,-0.5855,-0.2221,0.7544,0.316,Potensi Bangkrut
Asuransi Jiwa,41,PT FWD Insurance Indonesia,2021,1.09,0.49,0.59,1.44,-0.06,-0.01,-0.03,0.79,3,0.0,6,0,6,4,0,0,13618419000000,-0.0108,0.056,-0.625,-0.0708,0.7303,0.0905,Potensi Bangkrut
Asuransi Jiwa,41,PT FWD Insurance Indonesia,2022,0.99,0.4,0.58,1.39,-0.15,-0.03,-0.08,0.79,3,0.0,8,0,8,4,0,0,12421466000000,-0.1303,-0.0045,-0.7587,-0.1433,0.755,-0.1515,Potensi Bangkrut
Asuransi Jiwa,41,PT FWD Insurance Indonesia,2023,0.91,0.44,0.66,1.95,-0.66,-0.19,-0.57,0.79,3,0.0,7,0,7,3,0,0,9777097000000,0.1221,-0.06,-1.5991,-1.2993,0.5388,-2.4196,Potensi Bangkrut
Asuransi Jiwa,41,PT FWD Insurance Indonesia,2024,0.97,0.3,0.68,2.16,-0.35,-0.11,-0.34,0.79,2,0.0,5,0,5,5,0,0,7842866000000,-0.1802,-0.0269,-2.3257,-0.6733,0.4864,-2.5395,Potensi Bangkrut
Asuransi Jiwa,42,PT Great Eastern Life Indonesia,2015,0.53,0.14,0.95,19.58,-0.04,-0.02,-0.31,0.99,2,0.0,4,11,4,4,11,6,2405430040000,-0.2923,-0.2088,-0.4383,0.0007,0.0536,-0.5927,Potensi Bangkrut
Asuransi Jiwa,42,PT Great Eastern Life Indonesia,2016,0.91,0.32,0.89,8.41,-0.05,-0.02,-0.22,0.99,2,0.0,4,6,4,4,6,6,2607832010000,0.3173,-0.0267,-0.5168,-0.2202,0.1249,-0.6388,Potensi Bangkrut
Asuransi Jiwa,42,PT Great Eastern Life Indonesia,2017,0.69,0.41,0.82,4.46,0.0,0.0,0.01,0.99,2,0.0,3,5,3,5,5,6,3661165660000,0.2891,-0.103,-0.4164,-0.0844,0.2355,-0.3683,Potensi Bangkrut
Asuransi Jiwa,42,PT Great Eastern Life Indonesia,2018,1.05,0.54,0.87,6.92,-0.05,-0.02,-0.17,0.99,2,0.0,4,6,4,4,6,6,4552765330000,0.2597,0.0133,-0.3284,0.0134,0.1517,-0.15,Potensi Bangkrut
Asuransi Jiwa,42,PT Great Eastern Life Indonesia,2019,1.39,0.85,0.87,6.87,0.08,0.03,0.24,0.99,2,0.0,4,6,4,4,6,6,5934705760000,0.162,0.0738,-0.2488,0.0065,0.1529,-0.0155,Potensi Bangkrut
Asuransi Jiwa,42,PT Great Eastern Life Indonesia,2020,1.35,0.69,0.88,7.2,0.05,0.01,0.12,0.99,2,0.0,4,6,4,4,6,6,7033128220000,-0.1213,0.0678,-0.2004,0.0197,0.1458,0.0328,Potensi Bangkrut
Asuransi Jiwa,42,PT Great Eastern Life Indonesia,2021,1.8,0.91,0.9,8.87,-0.01,-0.0,-0.04,0.99,2,0.0,4,8,4,5,8,9,8154877340000,0.2816,0.1369,-0.1609,0.0245,0.1184,0.1189,Potensi Bangkrut
Asuransi Jiwa,42,PT Great Eastern Life Indonesia,2022,1.74,0.75,0.96,22.49,-0.1,-0.04,-0.95,0.99,2,0.0,4,8,4,4,8,9,9927373960000,0.5903,0.1082,-0.1103,0.0452,0.0467,0.0898,Potensi Bangkrut
Asuransi Jiwa,42,PT Great Eastern Life Indonesia,2023,0.87,0.44,0.91,10.07,0.1,0.03,0.37,0.99,2,0.0,4,10,4,3,10,6,12202897890000,0.0359,-0.0378,0.039,0.1145,0.1043,0.22,Potensi Bangkrut
Asuransi Jiwa,42,PT Great Eastern Life Indonesia,2024,0.93,0.37,0.93,12.86,-0.02,-0.01,-0.1,0.99,2,0.0,3,7,3,5,7,8,13904807770000,0.0569,-0.0153,0.0718,0.0725,0.0816,0.2106,Potensi Bangkrut
Asuransi Jiwa,43,PT Hanwha Life Insurance Indonesia,2015,2.99,1.12,0.26,0.36,-1.13,-0.18,-0.25,0.98,2,0.0,4,0,4,3,0,0,397316560000,3.1345,1.0208,-1.3824,-1.3064,2.9306,1.2626,Area abu-abu
Asuransi Jiwa,43,PT Hanwha Life Insurance Indonesia,2016,2.75,1.06,0.14,0.16,-0.68,-0.06,-0.07,1.0,2,0.0,4,0,4,3,0,0,2179146730000,1.9938,0.5039,-0.4484,-0.4037,6.6232,6.275,Perusahaan Sehat
Asuransi Jiwa,43,PT Hanwha Life Insurance Indonesia,2017,4.16,1.93,0.13,0.15,-0.23,-0.03,-0.03,1.0,2,0.0,3,0,3,3,0,0,2092063190000,0.2873,0.5624,-0.5547,-0.1869,7.1453,6.9661,Perusahaan Sehat
Asuransi Jiwa,43,PT Hanwha Life Insurance Indonesia,2018,1.52,0.54,0.11,0.12,-0.01,-0.0,-0.0,1.0,2,0.0,3,0,3,3,0,0,2041539070000,-0.2093,0.1393,-0.5725,-0.0115,8.6922,8.2476,Perusahaan Sehat
Asuransi Jiwa,43,PT Hanwha Life Insurance Indonesia,2019,1.83,0.38,0.09,0.1,0.15,0.01,0.02,1.0,2,0.0,3,0,3,3,0,3,2042482180000,-0.0321,0.1436,-0.527,0.0561,10.081,9.7537,Perusahaan Sehat
Asuransi Jiwa,43,PT Hanwha Life Insurance Indonesia,2020,1.58,0.68,0.1,0.11,0.17,0.02,0.02,1.0,2,0.0,3,0,3,4,0,0,2065906600000,0.0614,0.1309,-0.5021,0.0573,9.5786,9.2647,Perusahaan Sehat
Asuransi Jiwa,43,PT Hanwha Life Insurance Indonesia,2021,0.85,0.32,0.08,0.09,0.05,0.01,0.01,1.0,2,0.0,3,0,3,4,0,4,2038125650000,0.1128,-0.0334,-0.4926,0.0457,11.8428,11.3624,Perusahaan Sehat
Asuransi Jiwa,43,PT Hanwha Life Insurance Indonesia,2022,2.69,2.43,0.12,0.14,-0.3,-0.03,-0.04,1.0,2,0.0,3,9,3,4,9,4,2063240460000,-0.0353,0.6167,-0.5901,-0.1710,7.3914,7.247,Perusahaan Sehat
Asuransi Jiwa,43,PT Hanwha Life Insurance Indonesia,2023,0.61,0.25,0.17,0.2,-0.14,-0.02,-0.02,1.0,2,0.0,3,9,3,4,9,6,2119874980000,0.1841,-0.1462,-0.631,-0.1333,5.3075,4.3969,Perusahaan Sehat
Asuransi Jiwa,43,PT Hanwha Life Insurance Indonesia,2024,0.7,0.24,0.2,0.25,-0.29,-0.04,-0.05,1.0,2,0.0,3,9,3,4,9,6,2111825970000,0.1,-0.1096,-0.7588,-0.2616,4.1889,3.0588,Perusahaan Sehat
Asuransi Jiwa,44,PT Heksa Solution Insurance,2015,7.46,0.51,0.85,5.7,0.09,0.03,0.16,0.57,2,0.0,6,0,6,3,0,0,610334000000,0.0357,1.0047,-0.098,-0.2401,0.1842,0.8507,Potensi Bangkrut
Asuransi Jiwa,44,PT Heksa Solution Insurance,2016,2.61,0.34,0.79,4.42,0.07,0.03,0.15,0.54,3,0.0,7,0,7,3,0,0,802706000000,-0.9776,0.8422,0.111,0.2114,0.2373,1.402,Area abu-abu
Asuransi Jiwa,44,PT Heksa Solution Insurance,2017,2.99,0.42,0.79,4.25,0.06,0.03,0.14,0.54,3,0.0,5,0,5,3,0,0,978417000000,0.467,0.6839,0.1776,0.2075,0.247,1.316,Area abu-abu
Asuransi Jiwa,44,PT Heksa Solution Insurance,2018,2.37,0.71,0.8,4.1,0.0,0.0,0.0,0.65,2,0.0,4,0,4,5,0,0,1390323000000,0.0,0.6094,0.2241,0.2243,0.2558,1.3137,Area abu-abu
Asuransi Jiwa,44,PT Heksa Solution Insurance,2019,2.69,0.57,0.83,4.78,0.0,0.0,0.0,0.65,2,0.0,3,0,3,3,0,0,1106579000000,0.0,1.2511,0.0874,0.0465,0.2196,1.6046,Area abu-abu
Asuransi Jiwa,44,PT Heksa Solution Insurance,2020,2.31,0.74,0.8,4.05,0.01,0.01,0.06,0.65,2,0.0,3,0,3,3,0,0,1002361000000,0.0,1.3613,0.1217,0.0558,0.2592,1.7981,Area abu-abu
Asuransi Jiwa,44,PT Heksa Solution Insurance,2021,1.95,0.57,0.78,3.64,0.01,0.01,0.05,0.65,2,0.0,3,0,3,3,0,0,936527000000,0.7563,1.201,0.1388,0.0627,0.2886,1.6911,Area abu-abu
Asuransi Jiwa,44,PT Heksa Solution Insurance,2022,2.08,0.46,0.69,2.24,0.01,0.02,0.05,0.65,2,0.0,3,0,3,3,0,0,735547000000,-0.2946,1.2362,0.1821,0.1178,0.4687,2.0049,Area abu-abu
Asuransi Jiwa,44,PT Heksa Solution Insurance,2023,2.19,0.33,0.76,3.14,0.01,0.01,0.05,0.75,2,0.0,3,0,3,3,0,0,962805000000,0.2198,0.7937,0.162,0.0929,0.3341,1.3827,Area abu-abu
Asuransi Jiwa,44,PT Heksa Solution Insurance,2024,2.26,0.15,0.76,3.21,0.01,0.02,0.07,0.75,2,0.0,3,0,3,3,0,0,1009145000000,0.0016,0.6109,0.1891,0.0977,0.3273,1.225,Area abu-abu
Asuransi Jiwa,45,PT Indolife Pensiontama,2018,42.87,2.32,0.79,3.72,0.0,0.0,0.0,0.0,0,0.0,0,0,0,0,0,0,28475766000000,0.0,0.3528,0.1061,0.0271,0.2822,0.7683,Potensi Bangkrut
Asuransi Jiwa,45,PT Indolife Pensiontama,2019,23.82,1.67,0.78,3.57,0.0,0.0,0.0,0.5,2,0.0,4,0,4,3,0,0,32755714000000,0.0,0.2185,0.1076,0.0316,0.2943,0.652,Potensi Bangkrut
Asuransi Jiwa,45,PT Indolife Pensiontama,2020,2.74,2.31,0.82,0.82,-0.16,-0.07,-0.07,0.5,2,0.0,3,0,3,3,0,0,28980403000000,0.0,0.0296,0.2375,0.2388,1.2753,1.7813,Area abu-abu
Asuransi Jiwa,45,PT Indolife Pensiontama,2021,1.81,1.36,0.61,1.55,0.88,0.29,0.73,0.5,2,0.0,3,0,3,3,0,0,48671323000000,0.2452,0.007,0.1561,0.0303,0.677,0.8704,Potensi Bangkrut
Asuransi Jiwa,45,PT Indolife Pensiontama,2022,3.36,2.8,0.65,1.83,-0.03,-0.01,-0.03,0.5,2,0.0,3,0,3,3,0,0,52585440000000,-0.0243,0.0171,0.1608,0.0336,0.5741,0.7856,Potensi Bangkrut
Asuransi Jiwa,45,PT Indolife Pensiontama,2023,7.46,5.82,0.68,2.09,-0.03,-0.01,-0.03,0.5,2,0.0,3,0,3,3,0,0,55829030000000,-0.019,0.0183,0.1708,0.0399,0.5027,0.7317,Potensi Bangkrut
Asuransi Jiwa,45,PT Indolife Pensiontama,2024,9.58,7.15,0.68,2.17,0.06,0.02,0.05,0.5,2,0.0,3,0,3,3,0,0,60598376000000,0.0779,0.0191,0.1724,0.0309,0.4833,0.7057,Potensi Bangkrut
Asuransi Jiwa,46,PT Lippo Life Assurance,2016,0.41,0.21,0.18,0.21,-0.38,-0.14,-0.23,0.0,0,0.0,0,0,0,0,0,0,114403000000,2.4167,-0.4037,-0.5647,-0.5762,4.8908,3.3461,Perusahaan Sehat
Asuransi Jiwa,46,PT Lippo Life Assurance,2017,1.89,0.65,0.22,0.27,0.0,0.0,0.0,1.0,2,0.0,4,0,4,4,0,0,137120000000,0.0,0.279,-0.5681,-0.1766,3.8239,3.3583,Perusahaan Sehat
Asuransi Jiwa,46,PT Lippo Life Assurance,2018,2.39,0.32,0.38,0.62,0.0,0.0,0.0,1.0,3,0.0,4,0,4,3,0,0,162534000000,0.0,0.4571,-0.5398,-0.0932,1.6803,1.5043,Area abu-abu
Asuransi Jiwa,46,PT Lippo Life Assurance,2019,1.59,0.42,0.4,0.66,-0.27,-0.05,-0.09,1.0,2,0.0,4,0,4,3,0,0,170462000000,0.0,0.2849,-0.6626,-0.3726,1.5833,0.8329,Potensi Bangkrut
Asuransi Jiwa,46,PT Lippo Life Assurance,2020,1.7,0.24,0.44,0.77,-0.8,-0.1,-0.17,1.0,2,0.0,3,0,3,2,0,0,184950000000,-0.3146,0.3856,-1.0528,-0.9296,1.3616,-0.2351,Potensi Bangkrut
Asuransi Jiwa,46,PT Lippo Life Assurance,2021,1.4,0.08,0.55,1.2,-0.41,-0.11,-0.23,1.0,2,0.0,3,0,3,3,0,0,235603000000,1.7363,0.3542,-1.4789,-1.3704,0.8737,-1.6213,Potensi Bangkrut
Asuransi Jiwa,46,PT Lippo Life Assurance,2022,1.24,0.13,0.55,1.22,-0.11,-0.03,-0.07,1.0,2,0.0,3,0,3,3,0,0,238711000000,0.0245,0.1381,-1.582,-0.1745,0.8576,-0.761,Potensi Bangkrut
Asuransi Jiwa,46,PT Lippo Life Assurance,2023,1.72,0.48,0.58,1.37,-0.19,-0.06,-0.14,1.0,2,0.0,3,0,3,3,0,0,287420000000,0.4765,0.366,-1.5428,-0.4093,0.7682,-0.818,Potensi Bangkrut
Asuransi Jiwa,46,PT Lippo Life Assurance,2024,1.29,0.26,0.58,1.39,-0.07,-0.03,-0.07,1.0,2,0.0,3,0,3,2,0,0,306445000000,0.3379,0.1351,-1.5507,-0.2472,0.7554,-0.9074,Potensi Bangkrut
Asuransi Jiwa,47,PT MNC Life Assurance,2019,5.43,2.42,0.79,3.66,-0.05,-0.04,-0.17,0.0,0,0.0,0,0,0,0,0,0,504064360000,0.0,1.8214,-1.1261,-0.2977,0.2866,0.6841,Potensi Bangkrut
Asuransi Jiwa,47,PT MNC Life Assurance,2020,1.66,1.05,0.74,2.84,-0.06,-0.05,-0.18,1.0,2,0.0,3,0,3,3,0,0,384395640000,-0.2538,0.853,-1.6285,-0.2559,0.3701,-0.6612,Potensi Bangkrut
Asuransi Jiwa,47,PT MNC Life Assurance,2021,3.08,1.47,0.7,2.37,-0.02,-0.01,-0.03,1.0,2,0.0,3,0,3,3,0,0,376601330000,-0.1846,1.2275,-1.6914,0.2681,0.4433,0.2475,Potensi Bangkrut
Asuransi Jiwa,47,PT MNC Life Assurance,2022,4.45,2.62,0.69,2.26,0.01,0.01,0.02,1.0,2,0.0,3,0,3,3,0,0,371969000000,0.2466,1.3691,-1.6562,0.2157,0.4639,0.3925,Potensi Bangkrut
Asuransi Jiwa,47,PT MNC Life Assurance,2023,5.33,3.9,0.7,2.3,0.01,0.01,0.03,1.0,2,0.0,2,0,2,3,0,0,405875000000,0.0863,2.0529,-1.4152,0.3262,0.4574,1.4213,Area abu-abu
Asuransi Jiwa,47,PT MNC Life Assurance,2024,2.71,1.67,0.75,3.06,0.07,0.07,0.28,1.0,3,0.0,3,0,3,3,0,0,693393000000,1.2587,0.5424,-0.5979,0.5988,0.3437,0.887,Potensi Bangkrut
Asuransi Jiwa,48,PT MSIG Life Insurance Indonesia Tbk,2015,0.9,0.72,0.53,1.12,-0.22,-0.12,-0.26,0.5,2,0.0,4,0,4,8,0,0,15348592390000,0.0,-0.0156,0.0515,-0.8120,0.9335,0.1573,Potensi Bangkrut
Asuransi Jiwa,48,PT MSIG Life Insurance Indonesia Tbk,2016,0.64,0.56,0.51,1.04,0.99,0.03,0.03,0.5,2,0.0,4,0,4,5,0,0,15860037150000,-0.9996,-0.0964,0.1132,0.1436,1.0094,1.1697,Area abu-abu
Asuransi Jiwa,48,PT MSIG Life Insurance Indonesia Tbk,2017,1.54,1.37,0.45,0.83,0.22,0.02,0.02,0.5,2,0.0,4,0,4,5,0,0,15534781440000,1.6251,0.1079,0.1973,0.2254,1.2722,1.8027,Area abu-abu
Asuransi Jiwa,48,PT MSIG Life Insurance Indonesia Tbk,2018,1.19,1.0,0.52,1.06,-0.03,-0.01,-0.02,0.5,2,0.0,4,0,4,6,0,0,14646070810000,545.3648,0.0553,0.0056,0.1683,0.9888,1.218,Area abu-abu
Asuransi Jiwa,48,PT MSIG Life Insurance Indonesia Tbk,2019,1.67,1.46,0.5,1.0,0.13,0.04,0.08,0.8,2,0.0,5,11,5,5,11,9,15520643350000,-0.1273,0.1199,0.058,0.1155,1.0451,1.3386,Area abu-abu
Asuransi Jiwa,48,PT MSIG Life Insurance Indonesia Tbk,2020,2.26,1.43,0.47,0.89,0.09,0.03,0.05,0.8,3,0.0,6,14,6,6,14,10,15214292140000,0.0019,0.2719,0.1029,0.1626,1.1773,1.7147,Area abu-abu
Asuransi Jiwa,48,PT MSIG Life Insurance Indonesia Tbk,2021,2.36,2.1,0.52,1.08,0.01,0.0,0.01,0.8,3,0.0,6,14,6,7,14,13,15792655920000,-0.0608,0.3758,0.0159,0.0421,0.9729,1.4067,Area abu-abu
Asuransi Jiwa,48,PT MSIG Life Insurance Indonesia Tbk,2022,2.43,2.01,0.49,0.96,0.01,0.0,0.01,0.8,3,0.0,6,14,6,6,14,10,14863256240000,-0.1137,0.4161,0.0788,0.1688,1.0903,1.7541,Area abu-abu
Asuransi Jiwa,48,PT MSIG Life Insurance Indonesia Tbk,2023,1.24,0.94,0.48,0.93,0.03,0.01,0.02,0.8,3,0.0,6,14,6,6,14,10,14368742350000,-0.032,0.0895,0.0412,0.0632,1.1279,1.3218,Area abu-abu
Asuransi Jiwa,48,PT MSIG Life Insurance Indonesia Tbk,2024,1.04,0.7,0.46,0.85,0.06,0.02,0.03,0.8,3,0.0,6,14,6,6,14,10,14072702040000,0.077,0.0176,0.1034,0.1883,1.2304,1.5396,Area abu-abu
Asuransi Jiwa,49,PT Pacific Life Insurance,2016,0.22,0.15,0.17,0.2,0.0,0.0,0.0,0.0,0,0.0,0,0,0,0,0,0,130830000000,0.0,-0.8642,0.0914,0.1884,5.1485,4.5641,Perusahaan Sehat
Asuransi Jiwa,49,PT Pacific Life Insurance,2017,12.33,6.37,0.03,0.03,0.0,0.0,0.0,1.0,2,0.0,3,0,3,3,0,0,113846000000,0.0,0.0927,0.108,0.0057,37.8116,38.018,Perusahaan Sehat
Asuransi Jiwa,49,PT Pacific Life Insurance,2018,1.04,0.77,0.57,1.35,-0.0,-0.0,-0.0,1.0,2,0.0,3,0,3,3,0,0,259861000000,0.0,0.004,0.0711,0.0473,0.7764,0.8989,Potensi Bangkrut
Asuransi Jiwa,49,PT Pacific Life Insurance,2019,0.28,0.17,0.83,4.76,0.02,0.02,0.11,1.0,2,0.0,3,0,3,3,0,0,1042407000000,4.1325,-0.1263,0.0226,0.0096,0.2205,0.1265,Potensi Bangkrut
Asuransi Jiwa,49,PT Pacific Life Insurance,2020,0.45,0.13,0.82,4.45,0.0,0.0,0.02,1.0,2,0.0,3,0,3,2,0,0,1732276000000,1.0579,-0.0279,0.0251,0.0233,0.2358,0.2562,Potensi Bangkrut
Asuransi Jiwa,49,PT Pacific Life Insurance,2021,0.9,0.16,0.85,5.79,0.03,0.02,0.15,1.0,2,0.0,3,0,3,3,0,0,2538317000000,-0.0898,-0.0027,0.0276,0.0208,0.1815,0.2272,Potensi Bangkrut
Asuransi Jiwa,49,PT Pacific Life Insurance,2022,1.97,0.71,0.86,6.25,0.0,0.0,0.02,1.0,2,0.0,3,0,3,3,0,0,2772112000000,0.0805,0.0158,0.0354,0.0199,0.1679,0.239,Potensi Bangkrut
Asuransi Jiwa,49,PT Pacific Life Insurance,2023,8.34,6.48,0.82,6.46,-0.06,-0.04,-0.29,1.0,2,0.0,3,0,3,3,0,0,2933798000000,-0.0771,0.1392,0.044,0.0209,0.1626,0.3668,Potensi Bangkrut
Asuransi Jiwa,49,PT Pacific Life Insurance,2024,1.92,1.51,0.79,7.22,-0.05,-0.03,-0.23,1.0,2,0.0,3,0,3,3,0,0,3369312000000,0.053,0.0224,0.0079,-0.0645,0.1455,0.1114,Potensi Bangkrut
Asuransi Jiwa,50,PT Panin Dai-ichi Life,2015,0.66,0.33,0.48,0.93,0.07,0.04,0.07,0.95,4,0.0,8,0,8,5,0,0,8887980000000,-0.0494,-0.0737,0.2498,0.2607,1.1293,1.5661,Area abu-abu
Asuransi Jiwa,50,PT Panin Dai-ichi Life,2016,0.73,0.27,0.48,0.91,1.07,0.04,0.08,0.95,4,0.0,8,0,8,5,0,0,9079542000000,-0.9205,-0.0545,0.2919,0.2527,1.1562,1.6462,Area abu-abu
Asuransi Jiwa,50,PT Panin Dai-ichi Life,2017,0.62,0.25,0.46,0.84,0.09,0.05,0.09,0.95,4,0.0,8,0,8,5,0,0,9158871000000,13.415,-0.0864,0.3314,0.2681,1.247,1.7601,Area abu-abu
Asuransi Jiwa,50,PT Panin Dai-ichi Life,2018,0.68,0.21,0.46,0.86,0.07,0.03,0.06,0.95,4,0.0,8,0,8,5,0,0,9082567000000,-0.1448,-0.0742,0.3466,0.2946,1.2164,1.7834,Area abu-abu
Asuransi Jiwa,50,PT Panin Dai-ichi Life,2019,0.73,0.21,0.45,0.83,0.12,0.06,0.1,0.95,4,0.0,8,0,8,5,0,0,9112658000000,0.0325,-0.0758,0.349,0.3075,1.267,1.8477,Area abu-abu
Asuransi Jiwa,50,PT Panin Dai-ichi Life,2020,0.77,0.19,0.44,0.81,0.18,0.05,0.09,0.95,4,0.0,7,0,7,4,0,0,9641705000000,-0.3573,-0.0827,0.4029,0.3033,1.294,1.9175,Area abu-abu
Asuransi Jiwa,50,PT Panin Dai-ichi Life,2021,1.2,0.29,0.46,0.84,0.14,0.04,0.07,0.95,4,0.0,7,0,7,5,0,0,9598517000000,-0.0354,0.0548,0.3926,0.2850,1.2472,1.9796,Area abu-abu
Asuransi Jiwa,50,PT Panin Dai-ichi Life,2022,1.35,0.38,0.48,0.91,0.15,0.05,0.09,0.95,4,0.0,8,0,8,4,0,0,8650793000000,-0.0454,0.1077,0.1993,0.3381,1.1518,1.7969,Area abu-abu
Asuransi Jiwa,50,PT Panin Dai-ichi Life,2023,1.37,0.39,0.47,0.89,0.18,0.05,0.09,0.95,4,0.0,8,0,8,3,0,0,8978472000000,-0.0129,0.1324,0.2562,0.3276,1.1751,1.8913,Area abu-abu
Asuransi Jiwa,50,PT Panin Dai-ichi Life,2024,1.22,0.42,0.48,0.91,0.12,0.03,0.06,0.95,2,0.0,4,0,4,4,0,0,8986258000000,-0.0602,0.0874,0.2737,0.2707,1.1574,1.7892,Area abu-abu
Asuransi Jiwa,51,PT Perta Life Insurance,2019,2.23,0.18,0.9,9.37,-0.06,-0.02,-0.24,0.0,0,0.0,0,0,0,0,0,0,1697933000000,0.0,0.2107,-0.4525,0.0015,0.112,-0.1282,Potensi Bangkrut
Asuransi Jiwa,51,PT Perta Life Insurance,2020,1.77,0.31,0.83,4.94,0.04,0.01,0.07,0.71,2,0.0,4,12,4,4,12,10,1957853000000,-0.2294,0.2478,-0.3618,-0.0061,0.2125,0.0924,Potensi Bangkrut
Asuransi Jiwa,51,PT Perta Life Insurance,2021,3.47,0.57,0.83,4.9,0.05,0.01,0.07,0.71,2,0.0,4,12,4,3,12,9,2100153000000,0.0558,0.5873,-0.2613,0.1592,0.2145,0.6997,Potensi Bangkrut
Asuransi Jiwa,51,PT Perta Life Insurance,2022,2.07,0.59,0.82,4.63,0.08,0.03,0.16,0.71,2,0.0,4,12,4,4,12,10,2377506000000,0.3992,0.6135,-0.1198,0.2036,0.2268,0.9241,Potensi Bangkrut
Asuransi Jiwa,51,PT Perta Life Insurance,2023,1.96,0.17,0.81,4.51,0.09,0.03,0.18,0.71,2,0.0,4,12,4,3,12,7,2877857000000,0.3495,0.333,0.0004,0.2151,0.2328,0.7812,Potensi Bangkrut
Asuransi Jiwa,51,PT Perta Life Insurance,2024,1.89,0.05,0.81,4.13,0.07,0.03,0.15,0.71,2,0.0,3,0,3,3,0,0,3111702000000,0.28,0.2397,0.1018,0.2228,0.254,0.8183,Potensi Bangkrut
Asuransi Jiwa,52,PT PFI Mega Life Insurance,2015,1.02,0.64,0.39,0.64,0.19,0.16,0.26,0.0,0,0.0,0,0,0,0,0,0,233945000000,3.1686,0.0092,0.5982,1.3308,1.644,3.5822,Perusahaan Sehat
Asuransi Jiwa,52,PT PFI Mega Life Insurance,2016,2.77,2.29,0.49,0.96,0.2,0.17,0.34,1.0,2,0.0,3,0,3,4,0,0,423296000000,0.8352,0.7807,0.8988,1.5003,1.0977,4.2775,Perusahaan Sehat
Asuransi Jiwa,52,PT PFI Mega Life Insurance,2017,1.68,1.39,0.59,1.45,0.14,0.12,0.29,0.51,2,0.0,4,0,4,4,0,0,741105000000,0.6717,0.264,0.3843,0.9857,0.7263,2.3602,Area abu-abu
Asuransi Jiwa,52,PT PFI Mega Life Insurance,2018,1.12,0.8,0.73,2.68,0.08,0.06,0.22,0.51,2,0.0,4,0,4,3,0,0,1011939000000,0.1916,0.0462,0.1934,0.5830,0.3923,1.2149,Area abu-abu
Asuransi Jiwa,52,PT PFI Mega Life Insurance,2019,0.77,0.48,0.8,3.97,0.07,0.04,0.2,0.51,3,0.0,5,0,5,4,0,0,1335416000000,0.0776,-0.1058,0.1341,0.3565,0.2647,0.6495,Potensi Bangkrut
Asuransi Jiwa,52,PT PFI Mega Life Insurance,2020,0.57,0.38,0.82,4.55,0.06,0.03,0.16,0.51,2,0.0,4,0,4,3,0,0,1779231000000,0.1137,-0.1988,0.193,0.2282,0.2305,0.4529,Potensi Bangkrut
Asuransi Jiwa,52,PT PFI Mega Life Insurance,2021,0.9,0.51,0.82,4.65,0.05,0.02,0.13,0.51,2,0.0,4,0,4,3,0,0,2080340000000,0.1189,-0.0364,0.2389,0.1830,0.2257,0.6112,Potensi Bangkrut
Asuransi Jiwa,52,PT PFI Mega Life Insurance,2022,0.6,0.24,0.79,3.66,0.11,0.03,0.14,0.51,2,0.0,3,0,3,4,0,0,1986810000000,-0.4483,-0.172,0.3515,0.2532,0.2871,0.7199,Potensi Bangkrut
Asuransi Jiwa,52,PT PFI Mega Life Insurance,2023,0.68,0.32,0.78,3.58,0.06,0.02,0.1,0.51,2,0.0,3,0,3,4,0,0,2162993000000,0.5047,-0.1062,0.3825,0.1394,0.2931,0.7088,Potensi Bangkrut
Asuransi Jiwa,52,PT PFI Mega Life Insurance,2024,0.78,0.36,0.75,3.05,0.06,0.01,0.06,0.51,2,0.0,3,0,3,3,0,0,2029003000000,-0.3881,-0.0956,0.4743,0.1432,0.3441,0.8659,Potensi Bangkrut
Asuransi Jiwa,53,PT Prudential Life Assurance,2016,1.01,0.22,0.89,8.27,0.17,0.08,0.75,0.0,0,0.0,0,0,0,0,0,0,60793273000000,0.0,0.0022,0.3462,0.7042,0.127,1.1796,Area abu-abu
Asuransi Jiwa,53,PT Prudential Life Assurance,2017,0.84,0.25,0.91,10.42,0.15,0.08,0.87,0.95,3,0.0,6,0,6,7,0,0,71757702000000,0.2196,-0.0459,0.28,0.6349,0.1008,0.9698,Potensi Bangkrut
Asuransi Jiwa,53,PT Prudential Life Assurance,2018,0.58,0.15,0.95,11.48,0.21,0.07,0.83,0.95,3,0.0,6,0,6,7,0,0,67767980000000,-0.381,-0.1301,0.2632,0.5942,0.0915,0.8188,Potensi Bangkrut
Asuransi Jiwa,53,PT Prudential Life Assurance,2019,0.32,0.1,0.92,12.16,0.15,0.06,0.75,0.95,3,0.0,6,0,6,5,0,0,71619133000000,0.2517,-0.275,0.2421,0.4923,0.0863,0.5457,Potensi Bangkrut
Asuransi Jiwa,53,PT Prudential Life Assurance,2020,0.39,0.16,0.92,11.55,0.21,0.06,0.81,0.95,4,0.0,7,0,7,8,0,0,67396709000000,-0.2627,-0.2206,0.2428,0.5510,0.0909,0.6642,Potensi Bangkrut
Asuransi Jiwa,53,PT Prudential Life Assurance,2021,0.61,0.28,0.92,11.99,0.13,0.05,0.59,0.95,5,0.0,8,0,8,6,0,0,64403397000000,0.1259,-0.1212,0.2448,0.3335,0.0876,0.5447,Potensi Bangkrut
Asuransi Jiwa,53,PT Prudential Life Assurance,2022,0.7,0.36,0.91,9.76,0.11,0.04,0.4,0.95,4,0.0,7,0,7,6,0,0,61327114000000,-0.0854,-0.088,0.2915,0.2999,0.1076,0.611,Potensi Bangkrut
Asuransi Jiwa,53,PT Prudential Life Assurance,2023,1.01,0.62,0.9,8.79,0.08,0.03,0.32,0.95,4,0.0,7,0,7,6,0,0,60222226000000,0.1288,0.0039,0.3211,0.2665,0.1195,0.711,Potensi Bangkrut
Asuransi Jiwa,53,PT Prudential Life Assurance,2024,1.14,0.69,0.89,7.71,0.07,0.03,0.24,0.95,3,0.0,6,0,6,6,0,0,57560023000000,-0.0701,0.0422,0.3615,0.2033,0.1361,0.743,Potensi Bangkrut
Asuransi Jiwa,54,PT Prudential Sharia Life Assurance,2022,2.2,1.85,0.22,2.93,-0.05,-0.01,-0.03,1.0,2,0.0,3,0,3,3,0,0,6700834000000,0.0819,0.5787,0.1902,0.4668,0.3578,1.5934,Area abu-abu
Asuransi Jiwa,54,PT Prudential Sharia Life Assurance,2023,1.67,1.35,0.26,2.38,-0.03,-0.01,-0.02,1.0,2,0.0,3,0,3,2,0,0,6672476000000,-0.097,0.3814,0.304,0.6603,0.4405,1.7862,Area abu-abu
Asuransi Jiwa,54,PT Prudential Sharia Life Assurance,2024,1.76,1.38,0.32,2.68,0.01,0.0,0.0,1.0,1,0.0,2,0,2,3,0,0,6628170000000,-0.1948,0.4075,0.3366,0.2514,0.3913,1.3868,Area abu-abu
Asuransi Jiwa,55,PT Sun Life Financial Indonesia,2015,1.2,0.32,0.82,4.68,0.0,0.0,0.0,0.98,1,0.0,3,0,3,4,0,0,6060345000000,0.5161,0.0704,0.2584,0.1075,0.2241,0.6604,Potensi Bangkrut
Asuransi Jiwa,55,PT Sun Life Financial Indonesia,2016,0.84,0.23,0.87,6.46,0.0,0.0,0.0,0.98,1,0.0,3,0,3,3,0,0,9618219000000,0.0,-0.0703,0.0765,-0.1775,0.1624,-0.009,Potensi Bangkrut
Asuransi Jiwa,55,PT Sun Life Financial Indonesia,2017,0.54,0.15,0.87,6.57,0.0,0.0,0.0,0.98,2,0.0,3,0,3,5,0,0,11742806000000,0.0,-0.1926,-0.0352,-0.2011,0.1598,-0.2692,Potensi Bangkrut
Asuransi Jiwa,55,PT Sun Life Financial Indonesia,2018,0.57,0.17,0.88,7.02,0.0,0.0,0.0,0.96,2,0.0,4,0,4,5,0,0,11996023000000,0.0,-0.199,0.0136,0.0999,0.1496,0.0641,Potensi Bangkrut
Asuransi Jiwa,55,PT Sun Life Financial Indonesia,2019,0.48,0.17,0.9,8.67,0.0,0.0,0.0,0.96,2,0.0,4,0,4,6,0,0,13386719000000,0.0,-0.2386,-0.0614,-0.1516,0.1211,-0.3305,Potensi Bangkrut
Asuransi Jiwa,55,PT Sun Life Financial Indonesia,2020,0.52,0.21,0.92,11.88,0.0,0.0,0.0,0.96,2,0.0,4,0,4,6,0,0,14446272000000,0.0,-0.2159,-0.129,-0.1403,0.0884,-0.3969,Potensi Bangkrut
Asuransi Jiwa,55,PT Sun Life Financial Indonesia,2021,0.94,0.55,0.92,11.44,0.0,0.0,0.0,0.96,2,0.0,4,0,4,6,0,0,15389456000000,0.0,-0.0304,-0.1497,-0.0618,0.0918,-0.15,Potensi Bangkrut
Asuransi Jiwa,55,PT Sun Life Financial Indonesia,2022,0.51,0.18,0.65,1.89,0.0,0.0,0.0,0.96,2,0.0,4,0,4,7,0,0,20936453000000,0.0,-0.1671,-0.1224,-0.0184,0.5544,0.2465,Potensi Bangkrut
Asuransi Jiwa,55,PT Sun Life Financial Indonesia,2023,0.86,0.5,0.62,1.81,0.0,0.0,0.0,0.96,2,0.0,3,0,3,8,0,0,20527159000000,0.0,-0.0529,-0.1573,-0.0510,0.5809,0.3197,Potensi Bangkrut
Asuransi Jiwa,55,PT Sun Life Financial Indonesia,2024,0.87,0.48,0.59,1.62,0.0,0.0,0.0,0.96,3,0.0,6,0,6,7,0,0,19441396000000,0.0,-0.0521,-0.1574,0.0170,0.6474,0.455,Potensi Bangkrut
Asuransi Jiwa,56,PT Tokio Marine Life Insurance Indonesia,2015,0.57,0.32,0.38,0.62,0.0,0.0,0.0,0.96,2,0.0,4,0,4,5,0,0,791528000000,0.0,-0.3634,-2.2143,-1.0992,1.6993,-1.9775,Potensi Bangkrut
Asuransi Jiwa,56,PT Tokio Marine Life Insurance Indonesia,2016,0.49,0.3,0.49,0.94,-0.66,-0.25,-0.48,0.96,2,0.0,4,0,4,6,0,0,1192863000000,0.0,-0.4277,-2.2834,-1.6499,1.1147,-3.2462,Potensi Bangkrut
Asuransi Jiwa,56,PT Tokio Marine Life Insurance Indonesia,2017,0.45,0.16,0.36,0.57,-0.44,-0.11,-0.17,0.98,2,0.0,4,0,4,5,0,0,2300432000000,0.2818,-0.2418,-1.5524,-0.7544,1.8307,-0.7178,Potensi Bangkrut
Asuransi Jiwa,56,PT Tokio Marine Life Insurance Indonesia,2018,0.55,0.18,0.45,0.8,-0.42,-0.1,-0.18,0.98,2,0.0,4,0,4,5,0,0,2364703000000,-0.0127,-0.194,-1.8194,-0.5985,1.3076,-1.3043,Potensi Bangkrut
Asuransi Jiwa,56,PT Tokio Marine Life Insurance Indonesia,2019,0.61,0.24,0.53,1.12,0.2,0.06,0.13,0.98,2,0.0,4,0,4,6,0,0,2454333000000,0.3772,-0.168,-2.0031,-0.4749,0.9372,-1.7088,Potensi Bangkrut
Asuransi Jiwa,56,PT Tokio Marine Life Insurance Indonesia,2020,0.51,0.18,0.58,1.37,-0.17,-0.04,-0.1,0.98,2,0.0,4,0,4,6,0,0,2494484000000,-0.2272,-0.2503,-2.1394,-0.3229,0.7686,-1.944,Potensi Bangkrut
Asuransi Jiwa,56,PT Tokio Marine Life Insurance Indonesia,2021,0.57,0.16,0.64,1.75,-0.32,-0.08,-0.22,0.98,2,0.0,3,0,3,6,0,0,2367310000000,-0.0073,-0.2353,-2.5456,-0.5852,0.6003,-2.7657,Potensi Bangkrut
Asuransi Jiwa,56,PT Tokio Marine Life Insurance Indonesia,2022,0.88,0.28,0.69,2.26,-0.21,-0.08,-0.25,0.98,2,0.0,4,0,4,6,0,0,2250592000000,0.3769,-0.066,-2.8122,-0.2614,0.4651,-2.6745,Potensi Bangkrut
Asuransi Jiwa,56,PT Tokio Marine Life Insurance Indonesia,2023,0.74,0.27,0.76,3.14,-0.28,-0.1,-0.4,0.98,2,0.0,4,0,4,6,0,0,2041725000000,-0.1307,-0.1342,-3.419,-0.6354,0.3347,-3.8539,Potensi Bangkrut
Asuransi Jiwa,56,PT Tokio Marine Life Insurance Indonesia,2024,0.77,0.29,0.83,4.94,-0.25,-0.1,-0.58,0.98,2,0.0,4,0,4,6,0,0,1857834000000,-0.0038,-0.1555,-4.0771,-0.6377,0.2127,-4.6577,Potensi Bangkrut
Asuransi Jiwa,57,PT Victoria Alife Indonesia,2017,0.42,0.25,0.14,0.16,0.56,0.12,0.14,0.0,0,0.0,0,0,0,0,0,0,198763000000,0.0,-0.0342,0.1833,0.3484,6.4537,6.9512,Perusahaan Sehat
Asuransi Jiwa,57,PT Victoria Alife Indonesia,2018,3.89,2.55,0.6,1.53,-0.03,-0.02,-0.05,0.99,2,0.0,3,0,3,2,0,0,412000000000,5.1016,0.0316,0.0919,0.0262,0.6863,0.836,Potensi Bangkrut
Asuransi Jiwa,57,PT Victoria Alife Indonesia,2019,1.08,0.94,0.55,1.23,0.07,0.06,0.14,0.99,2,0.0,3,0,3,4,0,0,421315000000,0.4736,0.0148,0.3171,0.4739,0.8511,1.6569,Area abu-abu
Asuransi Jiwa,57,PT Victoria Alife Indonesia,2020,2.44,1.51,0.36,0.53,0.01,0.01,0.01,0.99,2,0.0,3,0,3,4,0,0,257248000000,-0.6572,0.1029,0.2275,0.2864,1.9969,2.6136,Perusahaan Sehat
Asuransi Jiwa,57,PT Victoria Alife Indonesia,2021,1.82,1.58,0.46,0.84,0.31,0.18,0.33,0.99,2,0.0,3,0,3,3,0,0,483985000000,1.1078,0.1063,0.1364,0.0340,1.2491,1.5258,Area abu-abu
Asuransi Jiwa,57,PT Victoria Alife Indonesia,2022,1.38,0.25,0.58,1.36,-0.25,-0.24,-0.56,0.99,2,0.0,3,0,3,3,0,0,366488000000,0.2566,0.0141,0.0668,0.1255,0.7725,0.9788,Potensi Bangkrut
Asuransi Jiwa,57,PT Victoria Alife Indonesia,2023,0.83,0.36,0.15,0.17,-1.03,-0.2,-0.23,0.99,2,0.0,3,0,3,3,0,0,148210000000,-0.9188,-0.0309,0.1908,0.0464,6.0089,6.2152,Perusahaan Sehat
Asuransi Jiwa,57,PT Victoria Alife Indonesia,2024,6.59,1.27,0.26,0.35,0.14,0.04,0.05,0.99,2,0.0,3,0,3,3,0,0,179384000000,0.6523,1.0111,0.3253,0.2827,2.9802,4.5994,Perusahaan Sehat
Asuransi Jiwa,58,PT Zurich Topas Life,2020,0.55,0.15,0.75,2.96,-0.33,-0.15,-0.59,0.84,2,0.0,4,10,4,5,10,9,1657001000000,0.0,-0.4034,-4.3223,-1.0498,0.3543,-5.4212,Potensi Bangkrut
Asuransi Jiwa,58,PT Zurich Topas Life,2021,0.71,0.19,0.85,5.84,-0.36,-0.17,-1.18,0.84,0,0.0,2,4,2,5,4,11,1706301000000,0.0899,-0.2647,-4.7531,-1.1496,0.1799,-5.9876,Potensi Bangkrut
Asuransi Jiwa,58,PT Zurich Topas Life,2022,0.54,0.14,0.83,4.73,-0.0,-0.0,-0.01,0.84,2,0.0,4,8,4,5,8,11,2050028000000,0.1744,-0.4017,-3.9499,0.0124,0.2219,-4.1174,Potensi Bangkrut
Asuransi Jiwa,58,PT Zurich Topas Life,2023,0.91,0.47,0.89,7.82,-0.12,-0.05,-0.45,0.84,2,0.0,5,13,5,4,13,8,2178462000000,-0.0645,-0.0755,-3.9106,-0.4026,0.1343,-4.2544,Potensi Bangkrut
Asuransi Jiwa,58,PT Zurich Topas Life,2024,0.81,0.16,0.88,7.1,-0.11,-0.04,-0.34,0.84,2,0.0,4,10,4,4,10,8,2347784000000,-0.0486,-0.1168,-3.7307,-0.2242,0.1478,-3.9239,Potensi Bangkrut
Asuransi Umum,59,PT AIG Insurance Indonesia,2019,0.27,0.4,0.68,2.17,0.3,0.06,0.19,0.0,0,0.0,0,0,0,0,0,0,1222801000000,0.0,-0.8831,0.2053,0.4726,0.4845,0.2793,Potensi Bangkrut
Asuransi Umum,59,PT AIG Insurance Indonesia,2020,3.29,0.1,0.66,1.97,0.51,0.07,0.2,1.0,2,0.0,3,0,3,3,0,0,1153735000000,-0.3897,2.1456,0.2209,0.5500,0.5341,3.4505,Perusahaan Sehat
Asuransi Umum,59,PT AIG Insurance Indonesia,2021,2.8,0.13,0.66,1.98,0.47,0.06,0.18,1.0,2,0.0,3,0,3,3,0,0,1145364000000,-0.0195,1.9454,0.2171,0.5329,0.5312,3.2265,Perusahaan Sehat
Asuransi Umum,59,PT AIG Insurance Indonesia,2022,3.26,0.24,0.67,2.07,0.49,0.06,0.2,1.0,2,0.0,3,0,3,4,0,0,1200901000000,0.0514,2.4068,0.2345,0.5553,0.5082,3.7048,Perusahaan Sehat
Asuransi Umum,59,PT AIG Insurance Indonesia,2023,3.56,0.26,0.64,1.75,0.67,0.11,0.3,1.0,3,0.0,4,0,4,4,0,0,1229251000000,0.2658,2.4961,0.3715,0.8881,0.6,4.3557,Perusahaan Sehat
Asuransi Umum,59,PT AIG Insurance Indonesia,2024,3.72,0.44,0.59,1.44,0.69,0.1,0.25,1.0,3,0.0,4,0,4,4,0,0,1460518000000,0.1031,2.6166,0.6598,0.8757,0.731,4.883,Perusahaan Sehat
Asuransi Umum,60,PT Arthagraha General Insurance,2020,1.6,0.42,0.47,0.88,0.1,0.02,0.05,0.0,0,0.0,0,0,0,0,0,0,426700000000,0.0,0.7822,0.8222,0.1279,1.1873,2.9196,Perusahaan Sehat
Asuransi Umum,60,PT Arthagraha General Insurance,2021,4.41,0.24,0.68,2.14,0.12,0.02,0.06,0.65,2,0.0,4,0,4,3,0,0,587684000000,-0.0703,2.6785,0.3865,0.1749,0.4915,3.7314,Perusahaan Sehat
Asuransi Umum,60,PT Arthagraha General Insurance,2022,3.8,0.28,0.66,1.9,0.21,0.04,0.11,0.65,2,0.0,4,0,4,3,0,0,610818000000,0.1468,2.411,0.4846,0.3047,0.5513,3.7517,Perusahaan Sehat
Asuransi Umum,60,PT Arthagraha General Insurance,2023,2.27,0.15,0.63,1.73,0.07,0.01,0.03,0.65,2,0.0,4,0,4,3,0,0,594083000000,-0.005,1.5401,0.542,0.1341,0.6064,2.8227,Perusahaan Sehat
Asuransi Umum,60,PT Arthagraha General Insurance,2024,2.71,0.2,0.62,1.6,0.24,0.04,0.1,0.65,2,0.0,4,0,4,4,0,0,683086000000,-0.0317,1.8895,0.5838,0.0827,0.6548,3.2108,Perusahaan Sehat
Asuransi Umum,61,PT Asuransi Allianz Utama Indonesia,2015,4.74,0.19,0.79,3.73,0.09,0.02,0.1,0.98,3,0.0,5,0,5,4,0,0,2137811000000,0.1795,3.0231,0.4068,0.1176,0.2815,3.8289,Perusahaan Sehat
Asuransi Umum,61,PT Asuransi Allianz Utama Indonesia,2016,3.4,0.08,0.79,3.78,-0.12,-0.03,-0.15,0.98,3,0.0,5,0,5,3,0,0,1872156000000,-0.0448,2.4452,0.3494,-0.1671,0.2777,2.9053,Perusahaan Sehat
Asuransi Umum,61,PT Asuransi Allianz Utama Indonesia,2017,1.89,0.05,0.59,1.45,-0.06,-0.01,-0.03,0.98,3,0.0,4,0,4,3,0,0,2305493000000,-0.009,1.0865,0.2211,-0.1132,0.7254,1.9198,Area abu-abu
Asuransi Umum,61,PT Asuransi Allianz Utama Indonesia,2018,2.88,0.05,0.64,1.79,-0.05,-0.01,-0.03,0.98,3,0.0,5,0,5,3,0,0,2550221000000,0.1195,1.9019,0.2057,-0.0441,0.5877,2.6511,Perusahaan Sehat
Asuransi Umum,61,PT Asuransi Allianz Utama Indonesia,2019,1.55,0.05,0.61,1.6,0.03,0.01,0.02,0.98,3,0.0,4,0,4,4,0,0,2424572000000,0.1877,0.7822,0.2039,-0.0295,0.6556,1.6121,Area abu-abu
Asuransi Umum,61,PT Asuransi Allianz Utama Indonesia,2020,1.79,0.13,0.62,1.68,-0.06,-0.01,-0.03,0.98,3,0.0,4,0,4,4,0,0,2420320000000,-0.2619,1.1296,0.1412,-0.1481,0.6249,1.7476,Area abu-abu
Asuransi Umum,61,PT Asuransi Allianz Utama Indonesia,2021,1.81,0.1,0.6,1.54,-0.16,-0.02,-0.05,0.98,3,0.0,5,0,5,3,0,0,2187497000000,-0.4568,1.2322,0.1169,-0.0776,0.6818,1.9533,Area abu-abu
Asuransi Umum,61,PT Asuransi Allianz Utama Indonesia,2022,1.78,0.19,0.58,1.42,-0.09,-0.01,-0.03,0.98,2,0.0,4,0,4,4,0,0,2029348000000,-0.0467,1.1133,0.135,0.0150,0.7418,2.0051,Area abu-abu
Asuransi Umum,61,PT Asuransi Allianz Utama Indonesia,2023,1.73,0.14,0.58,1.39,0.07,0.01,0.02,0.98,1,0.0,3,0,3,4,0,0,2056708000000,0.1795,1.0306,0.1598,0.0541,0.754,1.9986,Area abu-abu
Asuransi Umum,61,PT Asuransi Allianz Utama Indonesia,2024,2.08,0.27,0.56,1.28,0.08,0.01,0.03,0.98,2,0.0,3,0,3,4,0,0,1997940000000,0.0297,1.2541,0.1833,0.0915,0.8229,2.3518,Area abu-abu
Asuransi Umum,62,PT Asuransi Artarindo,2018,0.92,0.07,0.55,1.21,0.09,0.02,0.04,0.0,0,0.0,0,0,0,0,0,0,341369410000,0.0,-0.1558,0.902,0.2154,0.8662,1.8277,Area abu-abu
Asuransi Umum,62,PT Asuransi Artarindo,2019,1.12,0.12,0.54,1.2,0.18,0.04,0.08,0.5,2,0.0,4,0,4,4,0,0,369621330000,0.1907,0.2353,0.4292,0.1724,0.877,1.7139,Area abu-abu
Asuransi Umum,62,PT Asuransi Artarindo,2020,1.49,0.12,0.52,1.08,0.23,0.05,0.1,0.5,2,0.0,4,0,4,3,0,0,387906760000,0.031,0.8121,0.5226,0.2534,0.9704,2.5585,Area abu-abu
Asuransi Umum,62,PT Asuransi Artarindo,2021,2.42,0.28,0.58,1.4,0.23,0.04,0.1,0.5,2,0.0,4,0,4,3,0,0,496279220000,0.1786,1.9646,0.5561,0.3431,0.7517,3.6154,Perusahaan Sehat
Asuransi Umum,62,PT Asuransi Artarindo,2022,2.07,0.26,0.57,1.34,0.14,0.03,0.07,0.5,2,0.0,4,0,4,3,0,0,516469170000,0.1906,1.6543,0.7122,0.4527,0.7816,3.6007,Perusahaan Sehat
Asuransi Umum,62,PT Asuransi Artarindo,2023,2.32,0.17,0.59,1.45,0.18,0.04,0.11,0.5,2,0.0,4,0,4,3,0,0,595658540000,0.2808,1.9366,0.7458,0.3528,0.7247,3.7599,Perusahaan Sehat
Asuransi Umum,62,PT Asuransi Artarindo,2024,2.33,0.16,0.63,1.72,0.08,0.02,0.05,0.5,2,0.0,4,0,4,3,0,0,697102860000,0.1865,2.0711,0.7308,0.2214,0.6103,3.6335,Perusahaan Sehat
Asuransi Umum,63,PT Asuransi Asei Indonesia,2015,1.03,0.05,0.72,2.54,0.11,0.02,0.07,1.0,0,0.0,4,6,4,4,6,10,2091538245349,35.8128,0.144,0.1138,0.1239,0.4131,0.7949,Potensi Bangkrut
Asuransi Umum,63,PT Asuransi Asei Indonesia,2016,1.49,0.06,0.67,2.07,0.06,0.01,0.02,1.0,1,0.0,4,6,4,4,6,11,1847306963482,-0.4172,2.0987,0.1511,0.0380,0.5077,2.7954,Perusahaan Sehat
Asuransi Umum,63,PT Asuransi Asei Indonesia,2017,1.67,0.15,0.72,2.59,-0.72,-0.11,-0.4,1.0,1,0.0,4,6,4,4,6,11,1558769299360,0.0134,2.5212,-0.2325,-0.8250,0.4056,1.8693,Area abu-abu
Asuransi Umum,63,PT Asuransi Asei Indonesia,2018,1.88,0.07,0.71,2.43,0.02,0.0,0.01,1.0,1,0.0,4,8,4,3,8,9,1504014425963,-0.2818,2.9369,-0.2093,0.0007,0.4327,3.161,Perusahaan Sehat
Asuransi Umum,63,PT Asuransi Asei Indonesia,2019,1.89,0.22,0.75,3.04,0.04,0.0,0.02,1.0,0,0.0,2,6,2,2,6,6,1814324020621,0.0604,2.9809,-0.1691,0.0420,0.3456,3.1994,Perusahaan Sehat
Asuransi Umum,63,PT Asuransi Asei Indonesia,2020,2.03,0.04,0.73,2.71,0.02,0.0,0.0,1.0,1,0.0,3,9,3,3,9,7,1696979239602,-0.2983,3.2137,-0.1733,0.0148,0.3881,3.4433,Perusahaan Sehat
Asuransi Umum,63,PT Asuransi Asei Indonesia,2021,2.08,0.13,0.72,2.56,0.1,0.01,0.04,1.0,1,0.0,3,9,3,4,9,10,1696009882944,0.3644,3.2771,-0.1441,0.0519,0.4101,3.5949,Perusahaan Sehat
Asuransi Umum,63,PT Asuransi Asei Indonesia,2022,1.96,0.04,0.73,2.67,0.08,0.01,0.03,1.0,1,0.0,3,7,3,4,7,12,1806935158886,-0.0209,3.0906,-0.1045,0.0201,0.3928,3.3989,Perusahaan Sehat
Asuransi Umum,63,PT Asuransi Asei Indonesia,2023,1.62,0.04,0.79,3.79,0.06,0.0,0.02,1.0,1,0.0,3,7,3,3,7,9,2234736630576,-0.2658,2.4477,-0.1269,0.0049,0.2771,2.6029,Perusahaan Sehat
Asuransi Umum,63,PT Asuransi Asei Indonesia,2024,16.24,0.15,0.7,4.82,-0.95,-0.04,-0.25,1.0,1,0.0,3,7,3,3,7,9,2539539000000,-0.238,5.8869,-0.116,-0.2183,0.2179,5.7705,Perusahaan Sehat
Asuransi Umum,64,PT Asuransi Askrida Syariah,2017,335.19,289.77,0.1,0.11,0.14,0.0,0.0,0.99,2,0.0,3,0,3,3,0,0,111934000000,0.0,1.0815,0.0017,0.0005,9.2246,10.3082,Perusahaan Sehat
Asuransi Umum,64,PT Asuransi Askrida Syariah,2018,4.47,1.48,0.46,1.15,0.13,0.05,0.13,0.99,2,0.0,3,0,3,3,0,0,532259000000,531.5415,1.2517,0.1756,0.4363,0.914,2.7777,Perusahaan Sehat
Asuransi Umum,64,PT Asuransi Askrida Syariah,2019,5.28,1.97,0.48,1.28,0.09,0.03,0.09,0.99,2,0.0,3,0,3,3,0,0,597964000000,-0.0134,1.3913,0.2011,0.2528,0.8192,2.6644,Perusahaan Sehat
Asuransi Umum,64,PT Asuransi Askrida Syariah,2020,5.27,1.73,0.51,1.54,0.1,0.04,0.11,0.99,2,0.0,4,0,4,3,0,0,730449000000,0.1537,1.3635,0.2238,0.2681,0.6825,2.5379,Area abu-abu
Asuransi Umum,64,PT Asuransi Askrida Syariah,2021,5.8,2.27,0.56,1.9,0.1,0.04,0.14,0.99,2,0.0,4,0,4,3,0,0,882584000000,0.4464,1.3954,0.2577,0.3177,0.5524,2.5232,Area abu-abu
Asuransi Umum,64,PT Asuransi Askrida Syariah,2022,1.99,0.92,0.57,1.96,0.0,0.0,0.0,0.95,2,0.0,4,0,4,3,0,0,1025085000000,0.2124,0.6518,0.3028,0.3982,0.5359,1.8887,Area abu-abu
Asuransi Umum,64,PT Asuransi Askrida Syariah,2023,1.95,1.29,0.6,2.43,0.0,0.0,0.0,0.95,2,0.0,3,0,3,3,0,0,1368246000000,0.136,0.4661,0.3201,0.4085,0.4315,1.6262,Area abu-abu
Asuransi Umum,64,PT Asuransi Askrida Syariah,2024,1.26,0.88,0.95,4.57,0.0,0.0,0.0,0.95,2,0.0,3,0,3,3,0,0,1631846000000,-0.0108,0.0981,0.2721,0.4137,0.2296,1.0135,Potensi Bangkrut
Asuransi Umum,65,PT Asuransi Astra Buana,2022,7.93,0.05,0.57,1.32,0.21,0.05,0.12,0.0,0,0.0,0,0,0,0,0,0,16603575802000,0.0,4.8708,1.3583,0.5528,0.7982,7.5801,Perusahaan Sehat
Asuransi Umum,65,PT Asuransi Astra Buana,2023,9.63,0.06,0.58,1.37,0.24,0.07,0.16,0.96,2,0.0,4,0,4,7,0,0,18377880959000,0.1833,4.9555,1.3614,0.5722,0.766,7.6551,Perusahaan Sehat
Asuransi Umum,65,PT Asuransi Astra Buana,2024,9.41,0.04,0.59,1.41,0.22,0.07,0.16,0.96,2,0.0,4,0,4,6,0,0,20178714079000,0.193,4.9819,1.3682,0.5672,0.7426,7.6598,Perusahaan Sehat
Asuransi Umum,66,PT Asuransi Bangun Askrida,2015,1.62,0.3,0.71,2.55,0.15,0.09,0.31,0.42,2,0.0,4,8,4,5,8,11,2075168653798,0.0,0.6151,0.2872,0.7115,0.4117,2.0255,Area abu-abu
Asuransi Umum,66,PT Asuransi Bangun Askrida,2016,2.44,0.35,0.69,2.3,0.14,0.09,0.29,0.42,3,0.0,5,11,5,5,11,11,2313046000000,0.2012,1.102,0.2815,0.7068,0.4566,2.5469,Area abu-abu
Asuransi Umum,66,PT Asuransi Bangun Askrida,2017,1.69,0.37,0.68,2.25,0.1,0.06,0.21,0.42,3,0.0,5,11,5,4,11,8,2690394000000,0.1585,0.6435,0.2032,0.5056,0.4666,1.819,Area abu-abu
Asuransi Umum,66,PT Asuransi Bangun Askrida,2018,1.75,0.25,0.66,1.95,0.08,0.06,0.18,0.46,3,0.0,5,19,5,6,19,11,2661545000000,0.1574,0.6671,0.7378,0.5207,0.5383,2.4639,Area abu-abu
Asuransi Umum,66,PT Asuransi Bangun Askrida,2019,4.03,0.36,0.71,2.47,0.04,0.03,0.09,0.43,3,0.0,5,11,5,5,11,9,3040661000000,-0.0238,1.6253,0.6061,0.1419,0.4249,2.7981,Perusahaan Sehat
Asuransi Umum,66,PT Asuransi Bangun Askrida,2020,4.79,0.32,0.7,2.3,0.04,0.03,0.08,0.43,3,0.0,5,14,5,5,14,5,2996972000000,-0.0914,1.9641,0.6433,0.1597,0.4557,3.2228,Perusahaan Sehat
Asuransi Umum,66,PT Asuransi Bangun Askrida,2021,5.1,0.35,0.69,2.25,0.03,0.02,0.08,0.43,3,0.0,5,14,5,5,14,5,3088637000000,0.4096,2.1808,0.6526,0.1634,0.4675,3.4643,Perusahaan Sehat
Asuransi Umum,66,PT Asuransi Bangun Askrida,2022,2.42,0.56,0.72,2.54,0.03,0.03,0.09,0.45,3,0.0,4,11,4,5,11,5,3550161000000,0.3496,1.3821,0.6073,0.1804,0.4133,2.5832,Area abu-abu
Asuransi Umum,66,PT Asuransi Bangun Askrida,2023,4.51,0.73,0.72,2.57,0.04,0.03,0.12,0.46,3,0.0,5,16,5,5,16,5,3862435000000,0.0635,1.9416,0.6043,0.1908,0.4081,3.1448,Perusahaan Sehat
Asuransi Umum,67,PT Asuransi Bhakti Bhayangkara,2015,1.17,0.15,0.41,0.71,0.1,0.03,0.05,0.0,0,0.0,0,0,0,0,0,0,180728000000,0.3125,0.2036,0.56,0.2212,1.4829,2.4677,Area abu-abu
Asuransi Umum,67,PT Asuransi Bhakti Bhayangkara,2016,1.62,0.25,0.35,0.54,0.15,0.0,0.07,0.58,2,0.04,4,16,4,4,16,8,172481000000,0.1092,0.4964,0.6459,0.2929,1.9388,3.374,Perusahaan Sehat
Asuransi Umum,67,PT Asuransi Bhakti Bhayangkara,2017,3.23,0.36,0.35,0.54,0.07,0.02,0.04,0.58,2,0.04,4,16,4,5,16,11,171728990000,0.0171,1.3868,0.6637,0.2394,1.9507,4.2407,Perusahaan Sehat
Asuransi Umum,67,PT Asuransi Bhakti Bhayangkara,2018,2.85,0.4,0.34,0.52,0.07,0.03,0.04,0.0,0,0.0,0,0,0,0,0,0,171191550000,0.0244,1.2593,0.6958,0.2375,2.0097,4.2023,Perusahaan Sehat
Asuransi Umum,67,PT Asuransi Bhakti Bhayangkara,2019,2.7,0.2,0.39,0.63,0.07,0.03,0.05,0.58,2,0.04,4,11,4,5,11,11,186330430000,0.2303,1.3121,0.6908,0.2958,1.6622,3.9609,Perusahaan Sehat
Asuransi Umum,67,PT Asuransi Bhakti Bhayangkara,2020,3.04,0.2,0.44,0.77,0.12,0.04,0.07,0.58,2,0.04,4,11,4,5,11,11,211221340000,0.006,1.4253,0.6719,0.2869,1.3606,3.7447,Perusahaan Sehat
Asuransi Umum,67,PT Asuransi Bhakti Bhayangkara,2021,2.52,0.24,0.39,0.64,0.13,0.04,0.06,0.58,2,0.04,4,11,4,5,11,15,208178180000,-0.1265,1.1352,0.7059,0.2911,1.6401,3.7724,Perusahaan Sehat
Asuransi Umum,67,PT Asuransi Bhakti Bhayangkara,2022,2.74,0.35,0.44,0.78,0.08,0.03,0.06,0.58,2,0.04,4,11,4,5,11,13,217432640000,0.3645,1.4242,0.7121,0.2864,1.3517,3.7745,Perusahaan Sehat
Asuransi Umum,67,PT Asuransi Bhakti Bhayangkara,2023,6.28,0.24,0.69,2.2,0.06,0.01,0.04,0.59,2,0.04,4,11,4,5,11,13,408529730000,-0.0013,3.4202,0.3597,0.0892,0.4776,4.3466,Perusahaan Sehat
Asuransi Umum,67,PT Asuransi Bhakti Bhayangkara,2024,3.61,0.26,0.58,1.38,0.07,0.01,0.03,0.59,2,0.04,3,8,3,5,8,9,308465380000,-0.3148,2.3781,0.4961,0.0998,0.7614,3.7355,Perusahaan Sehat
Asuransi Umum,68,PT Asuransi Bina Dana Arta Tbk,2015,0.95,0.68,0.57,1.33,0.19,0.09,0.22,0.2,2,0.0,4,9,4,4,9,4,2846759759000,0.0664,-0.1921,0.8506,0.6585,0.7897,2.1068,Area abu-abu
Asuransi Umum,68,PT Asuransi Bina Dana Arta Tbk,2016,0.77,0.56,0.56,1.28,0.13,0.06,0.14,0.2,2,0.0,4,9,4,4,9,4,2813838947000,-0.0441,-0.8085,0.969,0.4710,0.8177,1.4493,Area abu-abu
Asuransi Umum,68,PT Asuransi Bina Dana Arta Tbk,2017,0.52,0.33,0.54,1.16,0.13,0.05,0.12,0.62,2,0.0,5,12,5,4,12,4,2966605878000,-0.0537,-1.6293,1.0348,0.3738,0.9074,0.6867,Potensi Bangkrut
Asuransi Umum,68,PT Asuransi Bina Dana Arta Tbk,2018,0.68,0.49,0.54,1.17,0.06,0.02,0.05,0.62,2,0.0,4,11,4,3,11,7,2890427512000,-0.024,-1.0657,1.0782,0.1182,0.9004,1.0311,Potensi Bangkrut
Asuransi Umum,68,PT Asuransi Bina Dana Arta Tbk,2019,0.98,0.85,0.51,1.06,0.08,0.03,0.07,0.62,3,0.0,4,11,4,3,11,5,2579654391000,-0.101,-0.0698,1.1712,0.2082,0.9928,2.3024,Area abu-abu
Asuransi Umum,68,PT Asuransi Bina Dana Arta Tbk,2020,0.78,0.65,0.44,0.79,0.15,0.06,0.1,0.62,3,0.0,4,11,4,4,11,8,2477781648000,-0.1745,-0.5711,1.3532,0.4363,1.3357,2.554,Area abu-abu
Asuransi Umum,68,PT Asuransi Bina Dana Arta Tbk,2021,0.65,0.45,0.39,0.65,0.2,0.06,0.1,0.62,3,0.0,4,11,4,4,11,8,2495890568000,-0.1395,-0.7825,1.4945,0.4704,1.6139,2.7962,Perusahaan Sehat
Asuransi Umum,68,PT Asuransi Bina Dana Arta Tbk,2022,0.76,0.54,0.39,0.64,0.12,0.04,0.06,0.62,3,0.0,4,11,4,4,11,8,2472105924000,-0.0505,-0.5302,1.5623,0.2881,1.6354,2.9557,Perusahaan Sehat
Asuransi Umum,68,PT Asuransi Bina Dana Arta Tbk,2023,1.0,0.73,0.42,0.72,0.1,0.03,0.05,0.95,2,0.0,4,12,4,3,12,5,2664450707000,0.1586,-0.0105,1.553,0.1730,1.4578,3.1733,Perusahaan Sehat
Asuransi Umum,68,PT Asuransi Bina Dana Arta Tbk,2024,0.69,0.4,0.43,0.77,0.09,0.03,0.05,0.87,2,0.0,4,10,4,4,10,6,2751906616000,0.0712,-0.7673,1.5985,0.1648,1.3724,2.3684,Area abu-abu
Asuransi Umum,69,PT Asuransi Binagriya Upakara,2017,1.75,0.14,0.61,1.57,0.32,0.07,0.17,0.0,0,0.0,0,0,0,0,0,0,390722630000,0.0,0.6684,0.6137,0.4946,0.6675,2.4443,Area abu-abu
Asuransi Umum,69,PT Asuransi Binagriya Upakara,2018,2.07,0.13,0.63,1.71,0.32,0.07,0.18,0.75,2,0.0,3,3,3,3,3,9,445745740000,0.1618,0.8649,0.6044,0.5087,0.6126,2.5905,Area abu-abu
Asuransi Umum,69,PT Asuransi Binagriya Upakara,2019,2.82,0.64,0.67,2.04,0.36,0.07,0.21,0.75,2,0.0,3,5,3,4,5,12,541929700000,0.1193,1.1176,0.5505,0.5477,0.5137,2.7294,Perusahaan Sehat
Asuransi Umum,69,PT Asuransi Binagriya Upakara,2020,2.98,0.27,0.71,2.44,0.4,0.06,0.22,0.75,2,0.0,3,5,3,4,5,14,651096710000,0.0093,1.3775,0.4776,0.4872,0.4311,2.7735,Perusahaan Sehat
Asuransi Umum,69,PT Asuransi Binagriya Upakara,2021,2.36,0.25,0.71,2.41,0.35,0.05,0.17,0.75,2,0.0,3,7,3,5,7,13,638850140000,-0.1513,1.2699,0.4303,0.3505,0.4355,2.4862,Area abu-abu
Asuransi Umum,69,PT Asuransi Binagriya Upakara,2022,3.25,0.53,0.71,2.5,0.31,0.06,0.21,0.75,2,0.0,3,7,3,5,7,9,717529210000,0.5643,1.5234,0.4304,0.4358,0.4207,2.8104,Perusahaan Sehat
Asuransi Umum,69,PT Asuransi Binagriya Upakara,2023,3.71,0.54,0.7,2.33,0.29,0.05,0.16,0.68,2,0.0,3,5,3,4,5,13,862563240000,0.025,1.6938,0.362,0.4256,0.4515,2.933,Perusahaan Sehat
Asuransi Umum,69,PT Asuransi Binagriya Upakara,2024,2.81,0.81,0.7,2.34,0.27,0.05,0.18,0.68,2,0.0,3,5,3,4,5,11,914639760000,0.2671,1.2397,0.3648,0.4296,0.4494,2.4834,Area abu-abu
Asuransi Umum,70,PT Asuransi Bintang Tbk,2015,1.85,0.09,0.67,2.07,0.16,0.06,0.18,0.35,2,0.0068,4,10,4,4,10,10,494002999000,0.3362,0.8606,0.4925,0.4145,0.5063,2.2739,Area abu-abu
Asuransi Umum,70,PT Asuransi Bintang Tbk,2016,4.33,0.36,0.67,2.03,0.08,0.03,0.09,0.35,3,0.0068,6,14,6,3,14,7,525898830000,0.1473,2.4233,0.5419,0.2393,0.5176,3.7222,Perusahaan Sehat
Asuransi Umum,70,PT Asuransi Bintang Tbk,2017,2.78,0.18,0.64,1.76,0.06,0.02,0.05,0.35,3,0.0068,6,14,6,3,14,7,738183659000,0.1175,1.8838,0.4212,0.1268,0.5969,3.0287,Perusahaan Sehat
Asuransi Umum,70,PT Asuransi Bintang Tbk,2018,3.36,0.18,0.68,2.11,0.05,0.02,0.05,0.35,4,0.0068,7,20,7,3,20,7,874472888000,0.1719,2.318,0.421,0.1169,0.4981,3.3541,Perusahaan Sehat
Asuransi Umum,70,PT Asuransi Bintang Tbk,2019,5.37,0.31,0.66,1.94,0.03,0.01,0.03,0.35,3,0.0068,5,13,5,4,13,13,857520585000,-0.0532,2.7819,0.4671,0.0622,0.5407,3.852,Perusahaan Sehat
Asuransi Umum,70,PT Asuransi Bintang Tbk,2020,4.19,0.26,0.64,1.78,0.1,0.03,0.08,0.35,3,0.0068,5,13,5,4,13,13,871769183000,-0.0771,2.4474,0.5576,0.1436,0.5904,3.739,Perusahaan Sehat
Asuransi Umum,70,PT Asuransi Bintang Tbk,2021,3.55,0.15,0.52,1.4,0.08,0.02,0.05,0.35,3,0.0068,5,13,5,4,13,16,954657152000,-0.1126,2.2076,0.5706,0.0867,0.7487,3.6137,Perusahaan Sehat
Asuransi Umum,70,PT Asuransi Bintang Tbk,2022,5.54,0.3,0.63,1.68,0.02,0.01,0.01,0.35,3,0.0068,5,13,5,5,13,17,989810930000,0.0881,2.7409,0.5885,0.0406,0.6248,3.9947,Perusahaan Sehat
Asuransi Umum,70,PT Asuransi Bintang Tbk,2023,5.12,0.17,0.6,1.5,0.03,0.01,0.02,0.35,3,0.0068,5,13,5,4,13,16,970378457000,-0.1651,2.5796,0.6432,0.0472,0.6986,3.9686,Perusahaan Sehat
Asuransi Umum,70,PT Asuransi Bintang Tbk,2024,3.28,0.09,0.53,1.14,0.06,0.01,0.02,0.35,2,0.0068,4,13,4,4,13,16,903498744000,-0.1128,1.8297,0.7585,0.0159,0.9212,3.5254,Perusahaan Sehat
Asuransi Umum,71,PT Asuransi Buana Independent,2015,2.31,0.1,0.63,1.71,0.19,0.06,0.17,0.22,2,0.3222,4,0,4,3,0,0,393493000000,0.0187,1.4332,0.7911,0.5059,0.6138,3.344,Perusahaan Sehat
Asuransi Umum,71,PT Asuransi Buana Independent,2016,1.86,0.11,0.63,1.67,0.28,0.09,0.24,0.22,2,0.3222,4,0,4,3,0,0,445968000000,0.08,1.0575,0.8535,0.7249,0.629,3.2649,Perusahaan Sehat
Asuransi Umum,71,PT Asuransi Buana Independent,2017,1.59,0.13,0.56,1.28,0.26,0.09,0.21,0.25,2,0.3671,4,0,4,3,0,0,413902000000,0.0366,0.6945,1.0339,0.7763,0.8215,3.3262,Perusahaan Sehat
Asuransi Umum,71,PT Asuransi Buana Independent,2018,1.49,0.12,0.57,1.31,0.26,0.09,0.21,0.25,2,0.3671,4,0,4,3,0,0,458423000000,0.0641,0.6138,1.0528,0.7260,0.8034,3.196,Perusahaan Sehat
Asuransi Umum,71,PT Asuransi Buana Independent,2019,1.44,0.09,0.56,1.27,0.24,0.09,0.2,0.25,2,0.3671,4,0,4,3,0,0,475599000000,0.0766,0.5117,1.0833,0.6818,0.824,3.1008,Perusahaan Sehat
Asuransi Umum,71,PT Asuransi Buana Independent,2020,1.87,0.13,0.51,1.08,0.32,0.11,0.23,0.25,2,0.3671,4,0,4,3,0,0,491590000000,-0.0209,0.9754,1.1903,0.8653,0.9688,3.9998,Perusahaan Sehat
Asuransi Umum,71,PT Asuransi Buana Independent,2021,2.77,0.13,0.58,1.37,0.25,0.07,0.17,0.25,2,0.3671,4,0,4,3,0,0,558562000000,-0.0071,1.5249,1.0724,0.5856,0.7673,3.9502,Perusahaan Sehat
Asuransi Umum,71,PT Asuransi Buana Independent,2022,6.31,0.25,0.59,1.46,0.29,0.08,0.19,0.25,2,0.3671,4,0,4,3,0,0,633061000000,0.0355,2.429,1.0534,0.6612,0.7202,4.8637,Perusahaan Sehat
Asuransi Umum,71,PT Asuransi Buana Independent,2023,8.59,0.18,0.66,1.93,0.13,0.03,0.09,0.25,2,0.3671,4,0,4,3,0,0,720422000000,0.0665,2.7403,0.8707,0.2603,0.5435,4.4147,Perusahaan Sehat
Asuransi Umum,71,PT Asuransi Buana Independent,2024,7.04,0.29,0.56,1.26,0.45,0.11,0.26,0.25,2,0.3671,4,0,4,3,0,0,708738000000,0.0082,2.1471,1.197,0.3173,0.8344,4.4958,Perusahaan Sehat
Asuransi Umum,72,PT Asuransi Cakrawala Proteksi Indonesia,2015,2.78,0.46,0.68,2.17,0.08,0.02,0.05,0.6,2,0.0,4,0,4,3,0,0,376932000000,8.3145,2.2065,-0.0096,0.0727,0.483,2.7526,Perusahaan Sehat
Asuransi Umum,72,PT Asuransi Cakrawala Proteksi Indonesia,2016,3.57,0.54,0.71,2.48,0.07,0.03,0.11,0.6,2,0.0,4,0,4,3,0,0,505969000000,1.8542,2.1864,0.0952,0.2372,0.4241,2.943,Perusahaan Sehat
Asuransi Umum,72,PT Asuransi Cakrawala Proteksi Indonesia,2017,2.56,0.44,0.78,3.47,0.09,0.04,0.17,0.6,2,0.0,4,0,4,3,0,0,786758000000,0.4839,2.229,0.1569,0.1289,0.3025,2.8172,Perusahaan Sehat
Asuransi Umum,72,PT Asuransi Cakrawala Proteksi Indonesia,2018,2.4,0.32,0.79,3.88,0.11,0.05,0.22,0.6,2,0.0,4,0,4,3,0,0,1105918000000,0.4217,2.1065,0.2775,0.5013,0.2709,3.1561,Perusahaan Sehat
Asuransi Umum,72,PT Asuransi Cakrawala Proteksi Indonesia,2019,1.69,0.13,0.73,2.72,0.13,0.06,0.23,0.6,2,0.0,4,0,4,6,0,0,1092838000000,0.0544,1.372,0.3901,0.4188,0.3867,2.5675,Area abu-abu
Asuransi Umum,72,PT Asuransi Cakrawala Proteksi Indonesia,2020,2.07,0.16,0.72,2.53,0.03,0.01,0.03,0.6,2,0.0,4,0,4,6,0,0,1071885000000,-0.2569,1.9127,0.3998,0.0048,0.4153,2.7325,Perusahaan Sehat
Asuransi Umum,72,PT Asuransi Cakrawala Proteksi Indonesia,2021,1.89,0.16,0.69,2.2,0.03,0.01,0.03,0.6,2,0.0,4,0,4,6,0,0,1104816000000,0.0487,1.7582,0.4356,0.1138,0.4767,2.7844,Perusahaan Sehat
Asuransi Umum,72,PT Asuransi Cakrawala Proteksi Indonesia,2022,2.02,0.09,0.64,1.77,0.04,0.02,0.04,0.6,2,0.0,4,0,4,6,0,0,1001209000000,0.1375,1.7215,0.543,0.1256,0.5917,2.9818,Perusahaan Sehat
Asuransi Umum,72,PT Asuransi Cakrawala Proteksi Indonesia,2023,1.72,0.11,0.65,1.85,0.04,0.02,0.05,0.6,2,0.0,4,0,4,6,0,0,1085786000000,0.109,1.3194,0.5589,0.1152,0.5674,2.5609,Area abu-abu
Asuransi Umum,72,PT Asuransi Cakrawala Proteksi Indonesia,2024,2.08,0.2,0.6,1.5,0.04,0.02,0.05,0.6,2,0.0,3,0,3,6,0,0,1007550000000,0.024,1.8033,0.6738,0.1932,0.6998,3.3701,Perusahaan Sehat
Asuransi Umum,73,PT Asuransi Candi Utama,2020,1.77,0.2,0.44,0.78,0.41,0.01,0.02,0.98,1,0.0,3,7,3,4,7,0,361478000000,0.0,1.3616,0.0298,0.0187,1.3494,2.7594,Perusahaan Sehat
Asuransi Umum,73,PT Asuransi Candi Utama,2021,2.82,0.11,0.54,1.17,0.11,0.01,0.02,0.98,1,0.0,3,7,3,4,7,0,451600000000,5.0926,2.1987,0.0755,0.1099,0.9,3.284,Perusahaan Sehat
Asuransi Umum,73,PT Asuransi Candi Utama,2022,2.69,0.11,0.58,1.36,0.11,0.02,0.04,0.98,1,0.0,3,7,3,3,7,3,513082000000,0.7744,2.2573,0.1186,0.1231,0.773,3.2719,Perusahaan Sehat
Asuransi Umum,73,PT Asuransi Candi Utama,2023,3.85,0.07,0.63,1.72,0.12,0.02,0.05,0.98,1,0.0,3,7,3,3,7,3,624335000000,0.2655,2.8068,0.1458,0.0738,0.6107,3.6371,Perusahaan Sehat
Asuransi Umum,73,PT Asuransi Candi Utama,2024,3.64,0.04,0.66,1.9,0.13,0.02,0.07,0.98,1,0.0,3,7,3,4,7,4,714332000000,0.2192,3.181,0.2099,0.1747,0.5515,4.1171,Perusahaan Sehat
Asuransi Umum,74,PT Asuransi Central Asia,2015,2.92,0.23,0.54,1.16,0.12,0.02,0.04,0.33,3,0.33,5,0,5,4,0,0,9225611000000,0.0764,1.9776,0.7489,0.1629,0.9018,3.7912,Perusahaan Sehat
Asuransi Umum,74,PT Asuransi Central Asia,2016,2.5,0.22,0.5,1.0,1.12,0.16,0.33,0.33,3,0.33,5,0,5,4,0,0,8734642000000,-0.0503,1.6021,0.9732,0.4182,1.0451,4.0386,Perusahaan Sehat
Asuransi Umum,74,PT Asuransi Central Asia,2017,1.96,0.17,0.55,1.23,-0.33,-0.04,-0.09,0.33,3,0.33,4,0,4,4,0,0,8918691000000,-0.1076,1.4028,1.0922,0.2830,0.8503,3.6282,Perusahaan Sehat
Asuransi Umum,74,PT Asuransi Central Asia,2018,2.13,0.24,0.52,1.09,0.53,0.07,0.15,0.33,3,0.33,5,0,5,4,0,0,9398031000000,0.1537,1.435,1.0761,0.2306,0.9619,3.7036,Perusahaan Sehat
Asuransi Umum,74,PT Asuransi Central Asia,2019,2.54,0.2,0.49,0.95,0.78,0.1,0.2,0.33,2,0.33,4,0,4,5,0,0,10790332000000,0.0796,1.5237,0.9957,0.1749,1.1043,3.7986,Perusahaan Sehat
Asuransi Umum,74,PT Asuransi Central Asia,2020,2.81,0.27,0.46,0.84,0.23,0.03,0.05,0.33,2,0.33,4,0,4,5,0,0,10589546000000,-0.0942,1.5748,1.0964,0.2368,1.248,4.1559,Perusahaan Sehat
Asuransi Umum,74,PT Asuransi Central Asia,2021,2.93,0.24,0.44,0.79,0.93,0.09,0.16,0.33,2,0.33,4,0,4,5,0,0,12170557000000,-0.0946,1.6051,1.0215,0.1849,1.3315,4.1431,Perusahaan Sehat
Asuransi Umum,74,PT Asuransi Central Asia,2022,2.9,0.32,0.48,0.91,0.13,0.01,0.02,0.33,2,0.33,4,0,4,5,0,0,13092783000000,0.056,1.8003,1.0216,0.1994,1.157,4.1783,Perusahaan Sehat
Asuransi Umum,74,PT Asuransi Central Asia,2023,3.22,0.33,0.5,1.01,0.23,0.02,0.05,0.33,2,0.33,4,0,4,5,0,0,14409652000000,0.1785,1.9948,1.0154,0.2124,1.0409,4.2634,Perusahaan Sehat
Asuransi Umum,74,PT Asuransi Central Asia,2024,3.16,0.35,0.47,0.89,0.09,0.01,0.02,0.33,2,0.33,4,0,4,5,0,0,16164429000000,0.0842,1.9249,1.0292,0.2669,1.184,4.4051,Perusahaan Sehat
Asuransi Umum,76,PT Asuransi Dayin Mitra Tbk,2019,3.65,0.21,0.71,2.47,0.12,0.02,0.08,0.0,0,0.0,0,0,0,0,0,0,1158038755000,0.0,3.0735,0.8451,0.1953,0.4258,4.5396,Perusahaan Sehat
Asuransi Umum,76,PT Asuransi Dayin Mitra Tbk,2020,3.82,0.12,0.59,1.44,0.18,0.04,0.09,0.73,2,0.0,4,11,4,5,11,7,859876511000,-0.1103,2.6566,1.183,0.2427,0.7267,4.809,Perusahaan Sehat
Asuransi Umum,76,PT Asuransi Dayin Mitra Tbk,2021,3.63,0.1,0.56,1.29,0.15,0.03,0.07,0.73,2,0.0,4,11,4,5,11,7,822740369000,-0.0504,2.4457,1.2445,0.1865,0.8166,4.6933,Perusahaan Sehat
Asuransi Umum,76,PT Asuransi Dayin Mitra Tbk,2022,2.35,0.06,0.93,2.26,0.09,0.02,0.05,0.73,2,0.0,4,11,4,5,11,7,888973513000,0.0917,2.0405,1.1906,0.1899,0.4654,3.8863,Perusahaan Sehat
Asuransi Umum,76,PT Asuransi Dayin Mitra Tbk,2023,3.5,0.09,0.62,1.64,0.09,0.02,0.05,0.73,1,0.0,3,7,3,4,7,5,982940217000,0.1036,2.6253,1.1045,0.1802,0.6386,4.5486,Perusahaan Sehat
Asuransi Umum,76,PT Asuransi Dayin Mitra Tbk,2024,3.85,0.09,0.63,1.72,0.17,0.04,0.11,0.73,2,0.0,4,8,4,4,8,6,1082550737000,0.1606,2.6266,1.0473,2.0687,0.6116,6.3542,Perusahaan Sehat
Asuransi Umum,77,PT Asuransi Digital Bersama Tbk.,2018,2.5,0.26,0.68,2.1,0.1,0.01,0.04,0.0,0,0.0,0,0,0,0,0,0,364590550000,0.0,2.5699,-0.6749,-0.0093,0.5003,2.3861,Area abu-abu
Asuransi Umum,77,PT Asuransi Digital Bersama Tbk.,2019,2.57,0.33,0.54,1.16,0.03,0.0,0.01,0.56,0,0.0567,4,4,4,3,4,9,255980130000,-0.3322,2.2536,-0.908,0.1959,0.9087,2.4503,Area abu-abu
Asuransi Umum,77,PT Asuransi Digital Bersama Tbk.,2020,4.75,0.21,0.66,1.94,-0.37,-0.04,-0.11,0.56,0,0.0567,4,4,4,2,4,6,314220790000,-0.0178,3.3734,-0.8918,-0.2416,0.5399,2.78,Perusahaan Sehat
Asuransi Umum,77,PT Asuransi Digital Bersama Tbk.,2021,3.7,0.12,0.64,1.75,-0.44,-0.08,-0.22,0.56,0,0.0567,3,3,3,2,3,6,240789680000,0.3532,2.6089,-1.4245,-0.7966,0.6,0.9879,Potensi Bangkrut
Asuransi Umum,77,PT Asuransi Digital Bersama Tbk.,2022,2.9,0.86,0.53,1.12,-2.2,-0.25,-0.53,0.39,2,0.0396,3,3,3,3,3,10,218360480000,-0.4329,2.1307,-2.4203,-1.9980,0.9394,-1.3481,Potensi Bangkrut
Asuransi Umum,77,PT Asuransi Digital Bersama Tbk.,2023,0.69,0.19,0.58,1.4,-0.32,-0.09,-0.22,0.39,0,0.4064,3,3,3,3,3,10,252198000000,1.8794,-0.7489,-2.4065,-1.0246,0.7507,-3.4293,Potensi Bangkrut
Asuransi Umum,77,PT Asuransi Digital Bersama Tbk.,2024,0.12,0.04,0.35,0.53,0.08,0.07,0.1,0.48,2,0.4951,3,3,3,3,3,10,256066000000,2.2197,-9.8286,-2.1606,0.3764,1.9859,-9.627,Potensi Bangkrut
Asuransi Umum,78,PT Asuransi Eka Lloyd Jaya,2015,2.55,0.6,0.29,0.42,0.05,0.01,0.02,0.0,0,0.0,0,0,0,0,0,0,158115174000,0.4194,0.7118,0.2408,0.1153,2.5252,3.593,Perusahaan Sehat
Asuransi Umum,78,PT Asuransi Eka Lloyd Jaya,2016,1.91,0.28,0.34,0.47,0.04,0.01,0.02,0.0,0,0.0,0,0,0,0,0,0,157375377000,0.3997,0.6189,0.2811,0.1610,2.2163,3.2773,Perusahaan Sehat
Asuransi Umum,78,PT Asuransi Eka Lloyd Jaya,2017,2.39,0.81,0.3,0.44,0.02,0.01,0.01,0.0,0,0.0,0,0,0,0,0,0,165304046000,0.0349,0.6638,0.2954,0.0992,2.3991,3.4575,Perusahaan Sehat
Asuransi Umum,78,PT Asuransi Eka Lloyd Jaya,2018,3.1,0.78,0.44,0.79,0.1,0.02,0.04,0.78,2,0.0,3,0,3,3,0,0,229521000000,-0.0649,1.7587,0.289,0.2060,1.3224,3.5762,Perusahaan Sehat
Asuransi Umum,78,PT Asuransi Eka Lloyd Jaya,2019,4.25,1.61,0.38,0.62,0.06,0.03,0.04,0.78,2,0.0,3,0,3,3,0,0,211559644000,0.7106,1.7274,0.3595,0.2440,1.6965,4.0273,Perusahaan Sehat
Asuransi Umum,78,PT Asuransi Eka Lloyd Jaya,2020,3.89,1.66,0.37,0.57,0.01,0.01,0.01,0.78,2,0.0,3,0,3,3,0,0,207903297000,0.1258,1.6715,0.346,0.1174,1.8262,3.9611,Perusahaan Sehat
Asuransi Umum,78,PT Asuransi Eka Lloyd Jaya,2021,2.04,1.26,0.42,0.75,-0.51,-0.17,-0.31,0.78,2,0.0,3,0,3,3,0,0,179676000000,-0.425,1.0037,0.0188,-1.4737,1.3921,0.9409,Potensi Bangkrut
Asuransi Umum,78,PT Asuransi Eka Lloyd Jaya,2022,2.43,1.76,0.57,1.34,0.09,0.04,0.1,0.78,2,0.0,3,0,3,3,0,0,269647000000,1.0147,1.7781,0.0288,0.3336,0.7816,2.9222,Perusahaan Sehat
Asuransi Umum,78,PT Asuransi Eka Lloyd Jaya,2023,2.21,1.56,0.69,2.26,0.02,0.01,0.02,0.78,2,0.0,3,0,3,3,0,0,387608000000,0.3076,1.3166,0.1255,0.0317,0.4639,1.9377,Area abu-abu
Asuransi Umum,78,PT Asuransi Eka Lloyd Jaya,2024,2.12,1.77,0.72,2.54,0.14,0.07,0.24,0.78,2,0.0,3,0,3,3,0,0,576261000000,0.6835,1.5118,0.3017,0.5508,0.4134,2.7776,Perusahaan Sehat
Asuransi Umum,79,PT Asuransi Etiqa Internasional Indonesia,2015,2.11,0.81,0.83,4.95,0.17,0.02,0.13,1.0,1,0.0,3,3,3,3,3,3,726345620000,-0.1056,1.4187,0.1075,0.1854,0.2123,1.924,Area abu-abu
Asuransi Umum,79,PT Asuransi Etiqa Internasional Indonesia,2016,1.9,0.38,0.83,4.88,0.11,0.03,0.17,1.0,1,0.0,3,3,3,3,3,3,865785160000,1.4878,1.3496,0.1762,0.3045,0.2154,2.0457,Area abu-abu
Asuransi Umum,79,PT Asuransi Etiqa Internasional Indonesia,2017,2.15,0.4,0.79,3.67,0.01,0.0,0.01,0.75,1,0.0,3,3,3,3,3,3,927525210000,-0.0099,1.3686,0.1692,0.0102,0.2859,1.8338,Area abu-abu
Asuransi Umum,79,PT Asuransi Etiqa Internasional Indonesia,2018,9.14,0.63,0.79,37.61,-1.41,-0.17,-8.11,0.75,4,0.0,7,0,7,6,0,0,1045273900000,-0.4283,4.5391,-0.4002,-1.2369,0.0279,2.9299,Perusahaan Sehat
Asuransi Umum,79,PT Asuransi Etiqa Internasional Indonesia,2019,8.45,0.23,0.68,3.75,-0.18,-0.04,-0.24,0.8,3,0.0,6,0,6,5,0,0,617588470000,0.1808,4.4576,-0.8123,-0.2257,0.2797,3.6993,Perusahaan Sehat
Asuransi Umum,79,PT Asuransi Etiqa Internasional Indonesia,2020,3.82,0.31,0.79,6.49,0.04,0.01,0.1,0.8,3,0.0,6,0,6,5,0,0,1015763000000,1.3961,2.5362,-0.4569,0.0557,0.1619,2.2969,Area abu-abu
Asuransi Umum,79,PT Asuransi Etiqa Internasional Indonesia,2021,2.21,0.65,0.96,-33.63,-0.42,-0.12,4.32,0.8,2,0.0,5,0,5,4,0,0,1306165000000,0.0753,2.8523,-0.7553,-0.8592,-0.0312,1.2066,Area abu-abu
Asuransi Umum,79,PT Asuransi Etiqa Internasional Indonesia,2022,2.31,0.49,0.82,7.29,-0.28,-0.06,-0.57,0.8,3,0.0,6,0,6,3,0,0,1207430000000,-0.2844,2.5947,-1.0358,-0.4187,0.1439,1.2841,Area abu-abu
Asuransi Umum,79,PT Asuransi Etiqa Internasional Indonesia,2023,2.02,0.55,0.78,5.89,-0.08,-0.03,-0.24,0.8,3,0.0,6,0,6,3,0,0,952959000000,0.4152,2.169,-1.3456,-0.1511,0.1784,0.8508,Potensi Bangkrut
Asuransi Umum,79,PT Asuransi Etiqa Internasional Indonesia,2024,3.52,0.72,0.73,5.79,-0.05,-0.02,-0.14,0.8,3,0.0,5,0,5,5,0,0,880166000000,-0.1366,2.722,-1.5057,-0.1349,0.1813,1.2627,Area abu-abu
Asuransi Umum,80,PT Asuransi FPG Indonesia,2015,2.62,0.26,0.87,6.8,0.1,0.02,0.12,0.8,2,0.0,3,0,3,3,0,0,1425414000000,0.0771,3.1751,0.2323,0.1282,0.1544,3.69,Perusahaan Sehat
Asuransi Umum,80,PT Asuransi FPG Indonesia,2016,3.38,0.27,0.86,6.16,0.09,0.01,0.1,0.8,2,0.0,3,0,3,3,0,0,1447531000000,-0.0047,3.5048,0.272,0.1222,0.1705,4.0695,Perusahaan Sehat
Asuransi Umum,80,PT Asuransi FPG Indonesia,2017,3.14,0.15,0.85,6.21,0.05,0.01,0.05,0.8,2,0.0,3,0,3,3,0,0,1546804000000,-0.0251,3.4768,0.2754,0.0532,0.1691,3.9745,Perusahaan Sehat
Asuransi Umum,80,PT Asuransi FPG Indonesia,2018,3.93,0.27,0.85,6.53,0.07,0.01,0.08,0.8,2,0.0,3,0,3,4,0,0,1778439000000,0.2461,3.9001,0.2721,0.0917,0.1608,4.4247,Perusahaan Sehat
Asuransi Umum,80,PT Asuransi FPG Indonesia,2019,3.98,0.38,0.83,5.51,0.12,0.02,0.14,0.8,2,0.0,3,0,3,3,0,0,1785466000000,0.2098,3.8956,0.342,0.1875,0.1904,4.6155,Perusahaan Sehat
Asuransi Umum,80,PT Asuransi FPG Indonesia,2020,3.55,0.16,0.82,4.71,0.05,0.01,0.05,0.8,2,0.0,2,0,2,4,0,0,1618403000000,-0.1433,3.6057,0.4006,0.0759,0.2228,4.3051,Perusahaan Sehat
Asuransi Umum,80,PT Asuransi FPG Indonesia,2021,3.59,0.22,0.82,4.55,0.06,0.01,0.06,0.8,2,0.0,3,0,3,4,0,0,1662278000000,0.0092,3.667,0.4207,0.0787,0.2307,4.3971,Perusahaan Sehat
Asuransi Umum,80,PT Asuransi FPG Indonesia,2022,3.15,0.15,0.85,5.76,0.03,0.0,0.03,0.8,2,0.0,2,0,2,4,0,0,2086886000000,0.0557,3.1921,0.3473,0.0284,0.1824,3.7503,Perusahaan Sehat
Asuransi Umum,80,PT Asuransi FPG Indonesia,2023,3.3,0.03,0.8,3.95,0.06,0.01,0.06,0.8,1,0.0,1,0,1,3,0,0,1616151000000,0.0501,3.3988,0.4866,0.0903,0.2656,4.2414,Perusahaan Sehat
Asuransi Umum,80,PT Asuransi FPG Indonesia,2024,1.78,0.02,0.83,5.0,-0.3,-0.04,-0.23,0.8,2,0.0,3,0,3,4,0,0,1596064000000,-0.3285,1.694,0.3641,-0.3695,0.2098,1.8984,Area abu-abu
Asuransi Umum,81,PT Asuransi Harta Aman Pratama Tbk,2018,3.86,0.08,0.58,1.38,-0.18,-0.04,-0.09,0.0,0,0.0,0,0,0,0,0,0,628464862000,0.0,3.3992,0.195,-0.2855,0.7599,4.0686,Perusahaan Sehat
Asuransi Umum,81,PT Asuransi Harta Aman Pratama Tbk,2019,2.7,0.03,0.74,2.91,-1.07,-0.2,-0.77,0.62,3,0.0,4,8,4,3,8,6,582236244000,-0.2266,3.0491,-0.4359,-1.3268,0.3609,1.6473,Area abu-abu
Asuransi Umum,81,PT Asuransi Harta Aman Pratama Tbk,2020,4.07,0.13,0.82,4.47,0.09,0.02,0.12,0.62,3,0.0,4,8,4,6,8,8,577744818000,0.2607,3.5052,-0.7167,0.1140,0.2348,3.1372,Perusahaan Sehat
Asuransi Umum,81,PT Asuransi Harta Aman Pratama Tbk,2021,5.69,0.07,0.82,4.46,0.08,0.02,0.14,0.62,3,0.0,4,8,4,6,8,8,666903763000,0.4529,3.6185,-0.5456,0.1852,0.2354,3.4935,Perusahaan Sehat
Asuransi Umum,81,PT Asuransi Harta Aman Pratama Tbk,2022,12.23,0.22,0.77,3.44,-0.04,-0.01,-0.04,0.63,3,0.0,4,8,4,6,8,8,933279448000,0.2018,4.6197,-0.4159,-0.0508,0.305,4.458,Perusahaan Sehat
Asuransi Umum,81,PT Asuransi Harta Aman Pratama Tbk,2023,18.25,0.32,0.78,3.62,0.02,0.01,0.03,0.63,2,0.0,3,5,3,5,5,9,997499063000,0.1212,4.4679,-0.3729,0.0098,0.2902,4.395,Perusahaan Sehat
Asuransi Umum,81,PT Asuransi Harta Aman Pratama Tbk,2024,8.23,0.14,0.79,3.8,0.03,0.01,0.03,0.63,2,0.0,3,5,3,5,5,9,1071029173000,0.036,4.1871,-0.3262,0.0365,0.2766,4.174,Perusahaan Sehat
Asuransi Umum,82,PT Asuransi Intra Asia,2020,1.74,0.1,0.42,0.89,0.0,0.0,0.0,0.0,0,0.0,0,0,0,0,0,0,268957000000,0.0,1.2195,0.4072,0.0057,1.1815,2.8139,Perusahaan Sehat
Asuransi Umum,82,PT Asuransi Intra Asia,2021,1.59,0.34,0.48,1.12,0.01,0.01,0.01,0.99,1,0.0,3,8,3,3,8,0,300393000000,0.1785,1.4463,0.3877,0.0153,0.9403,2.7895,Perusahaan Sehat
Asuransi Umum,82,PT Asuransi Intra Asia,2022,2.47,0.83,0.5,1.19,0.02,0.02,0.05,0.99,2,0.0,3,8,3,5,8,0,335530000000,1.7305,2.6037,0.3808,0.0803,0.8792,3.9441,Perusahaan Sehat
Asuransi Umum,82,PT Asuransi Intra Asia,2023,5.92,4.84,0.61,1.83,0.09,0.06,0.18,0.99,2,0.0,3,8,3,6,8,0,512116000000,-0.1224,4.203,0.4402,0.3153,0.5737,5.5321,Perusahaan Sehat
Asuransi Umum,82,PT Asuransi Intra Asia,2024,7.2,6.01,0.53,1.13,0.06,0.05,0.11,1.0,2,0.0,3,8,3,6,8,0,554465000000,0.3742,4.5388,0.5787,0.3878,0.9324,6.4377,Perusahaan Sehat
Asuransi Umum,83,PT Asuransi Jasa Indonesia,2015,4.17,0.54,0.79,3.85,0.58,0.1,0.49,1.0,1,0.0,5,21,5,5,21,15,11393914000000,0.1486,3.8861,0.11,0.2848,0.2724,4.5534,Perusahaan Sehat
Asuransi Umum,83,PT Asuransi Jasa Indonesia,2016,3.49,0.36,0.78,3.47,0.16,0.03,0.14,1.0,1,0.0,4,15,4,4,15,12,12076472000000,0.1728,3.7356,0.0994,0.2644,0.3024,4.4018,Perusahaan Sehat
Asuransi Umum,83,PT Asuransi Jasa Indonesia,2017,2.66,0.47,0.74,2.87,0.14,0.03,0.12,1.0,1,0.0,4,15,4,5,15,15,11752706000000,0.1588,3.484,0.2665,0.2614,0.366,4.3779,Perusahaan Sehat
Asuransi Umum,83,PT Asuransi Jasa Indonesia,2018,2.89,0.38,0.76,3.25,0.08,0.0,0.06,1.0,1,0.0,4,17,4,5,17,21,13475850000000,-0.056,3.5043,0.2765,0.1193,0.3232,4.2232,Perusahaan Sehat
Asuransi Umum,83,PT Asuransi Jasa Indonesia,2019,2.94,0.39,0.74,2.88,0.04,0.01,0.03,1.0,0,0.0,5,21,5,5,21,21,12688036000000,0.0619,3.4332,0.3096,0.0763,0.365,4.1841,Perusahaan Sehat
Asuransi Umum,83,PT Asuransi Jasa Indonesia,2020,3.54,0.69,0.93,14.06,-0.1,-0.02,-0.27,1.0,2,0.0,5,18,5,6,18,18,13914348000000,-0.0936,3.67,-0.2759,-0.0441,0.0747,3.4247,Perusahaan Sehat
Asuransi Umum,83,PT Asuransi Jasa Indonesia,2021,3.76,0.41,0.93,13.97,0.0,0.0,0.01,1.0,2,0.0,5,18,5,6,18,18,14077069000000,-0.0291,3.5889,-0.2686,0.0816,0.0751,3.4771,Perusahaan Sehat
Asuransi Umum,83,PT Asuransi Jasa Indonesia,2022,3.28,0.33,0.99,4.62,0.15,0.02,0.09,1.0,3,0.0,5,18,5,6,18,18,12576512000000,-0.3616,3.8691,-0.2876,0.1529,0.2272,3.9616,Perusahaan Sehat
Asuransi Umum,83,PT Asuransi Jasa Indonesia,2023,2.73,0.14,0.99,4.2,0.08,0.01,0.04,1.0,2,0.0,3,12,3,6,12,16,12154715000000,-0.1488,3.513,-0.2642,0.0603,0.2499,3.559,Perusahaan Sehat
Asuransi Umum,83,PT Asuransi Jasa Indonesia,2024,2.7,0.2,0.78,3.93,0.1,0.01,0.05,1.0,0,0.0,2,6,2,5,6,13,15005896000000,0.2022,2.8361,-0.1798,0.0478,0.2671,2.9711,Perusahaan Sehat
Asuransi Umum,84,PT Asuransi Jasa Tania Tbk,2015,0.79,0.08,0.57,2.35,0.12,1.15,0.11,0.9,2,0.0,3,9,3,4,9,6,390083000000,0.0641,-0.768,0.4626,0.3805,0.7796,0.8546,Potensi Bangkrut
Asuransi Umum,84,PT Asuransi Jasa Tania Tbk,2016,0.73,0.05,0.57,1.33,0.15,0.06,0.13,0.88,2,0.0,3,9,3,4,9,6,427049000000,-0.0272,-0.9625,0.5525,0.4444,0.7913,0.8257,Potensi Bangkrut
Asuransi Umum,84,PT Asuransi Jasa Tania Tbk,2017,0.85,0.06,0.53,1.11,0.25,0.08,0.17,0.77,2,0.0,3,9,3,4,9,6,446108000000,-0.1046,-0.4917,0.6328,0.4011,0.9461,1.4883,Area abu-abu
Asuransi Umum,84,PT Asuransi Jasa Tania Tbk,2018,0.89,0.05,0.54,1.18,0.13,0.04,0.09,0.77,2,0.0,3,9,3,4,9,6,478439000000,0.0557,-0.3939,0.6845,0.4160,0.891,1.5976,Area abu-abu
Asuransi Umum,84,PT Asuransi Jasa Tania Tbk,2019,0.93,0.04,0.53,1.14,0.02,0.01,0.01,0.77,2,0.0,4,8,4,4,8,6,447670000000,-0.1467,-0.2578,0.6448,0.0390,0.9225,1.3485,Area abu-abu
Asuransi Umum,84,PT Asuransi Jasa Tania Tbk,2020,1.13,0.07,0.43,0.75,0.0,0.0,0.0,0.77,2,0.0,4,8,4,4,8,4,365764000000,-0.307,0.3287,0.7378,-0.1177,1.4083,2.357,Area abu-abu
Asuransi Umum,84,PT Asuransi Jasa Tania Tbk,2021,1.14,0.04,0.42,0.71,0.01,0.0,0.0,0.77,2,0.0,4,8,4,5,8,7,527852000000,0.0269,0.3769,0.501,0.0144,1.4762,2.3685,Area abu-abu
Asuransi Umum,84,PT Asuransi Jasa Tania Tbk,2022,1.18,0.06,0.36,0.57,0.13,0.02,0.03,0.77,2,0.0,4,8,4,5,8,7,499032000000,-0.1849,0.4193,0.5337,0.0138,1.8419,2.8088,Perusahaan Sehat
Asuransi Umum,84,PT Asuransi Jasa Tania Tbk,2023,1.2,0.06,0.35,0.54,0.07,0.01,0.02,0.77,2,0.0,4,8,4,4,8,6,498723000000,0.2767,0.444,0.5603,0.0649,1.9535,3.0227,Perusahaan Sehat
Asuransi Umum,84,PT Asuransi Jasa Tania Tbk,2024,1.04,0.04,0.43,0.75,0.03,0.0,0.01,0.77,2,0.0,4,10,4,4,10,10,573438000000,0.0911,0.1138,0.5144,0.0487,1.3942,2.0712,Area abu-abu
Asuransi Umum,85,PT Asuransi Jasaraharja Putera,2015,0.66,0.09,0.55,1.22,0.14,0.07,0.14,0.94,1,0.0,4,8,4,4,8,10,1561827000000,0.1499,-1.1887,1.2836,0.5521,0.8628,1.5098,Area abu-abu
Asuransi Umum,85,PT Asuransi Jasaraharja Putera,2016,0.72,0.08,0.54,1.16,0.1,0.04,0.08,0.94,1,0.0,4,8,4,4,8,10,1616165000000,-0.1218,-0.9618,1.3335,0.2961,0.9056,1.5735,Area abu-abu
Asuransi Umum,85,PT Asuransi Jasaraharja Putera,2017,4.44,0.37,0.57,1.32,0.21,0.06,0.13,0.94,1,0.0,3,7,3,4,7,10,1972319000000,-0.1633,1.71,1.249,0.4719,0.7952,4.2261,Perusahaan Sehat
Asuransi Umum,85,PT Asuransi Jasaraharja Putera,2018,3.06,0.0,0.57,1.35,0.12,0.04,0.08,0.94,1,0.0,3,7,3,4,7,12,2152910000000,0.2247,1.6493,1.2679,0.3728,0.7768,4.0668,Perusahaan Sehat
Asuransi Umum,85,PT Asuransi Jasaraharja Putera,2019,3.43,0.32,0.66,1.93,0.19,0.04,0.13,0.94,1,0.0,3,7,3,4,7,12,3001696000000,0.0353,2.1389,1.0173,0.3320,0.544,4.0321,Perusahaan Sehat
Asuransi Umum,85,PT Asuransi Jasaraharja Putera,2020,4.17,0.51,0.67,2.07,0.12,0.02,0.06,0.94,2,0.0,4,12,4,4,12,12,3337722000000,-0.1186,2.4333,0.9616,0.1463,0.508,4.0492,Perusahaan Sehat
Asuransi Umum,85,PT Asuransi Jasaraharja Putera,2021,4.28,0.34,0.66,1.92,0.06,0.01,0.03,0.94,2,0.0,4,12,4,4,12,10,3327804000000,0.0255,2.2883,1.0432,0.1442,0.5476,4.0232,Perusahaan Sehat
Asuransi Umum,85,PT Asuransi Jasaraharja Putera,2022,4.37,0.75,0.67,1.99,0.1,0.02,0.06,0.94,2,0.0,4,12,4,4,12,10,3595146000000,0.128,2.7169,1.0419,0.1996,0.527,4.4854,Perusahaan Sehat
Asuransi Umum,85,PT Asuransi Jasaraharja Putera,2023,2.91,0.68,0.68,2.12,0.15,0.03,0.1,0.94,2,0.0,3,9,3,4,9,10,4115086000000,0.1983,2.3918,1.0015,0.2472,0.495,4.1356,Perusahaan Sehat
Asuransi Umum,85,PT Asuransi Jasaraharja Putera,2024,2.04,0.41,0.67,2.02,0.15,0.03,0.09,0.94,2,0.0,4,12,4,4,12,10,4320584000000,-0.0095,1.6438,1.0667,0.2921,0.5192,3.5218,Perusahaan Sehat
Asuransi Umum,86,PT Asuransi Jasindo Syariah,2016,0.85,0.25,0.55,1.64,0.18,0.05,0.15,0.96,0,0.0,3,3,3,3,3,9,259049000000,0.0,-0.2339,0.1601,0.4513,0.64,1.0175,Potensi Bangkrut
Asuransi Umum,86,PT Asuransi Jasindo Syariah,2017,1.11,0.2,0.51,1.42,0.06,0.01,0.04,0.97,2,0.0,3,3,3,3,3,9,262108000000,-0.1491,0.1301,0.0135,0.0326,0.7407,0.917,Potensi Bangkrut
Asuransi Umum,86,PT Asuransi Jasindo Syariah,2018,0.9,0.07,0.56,1.5,0.02,0.01,0.02,0.97,0,0.0,2,2,2,1,2,6,256197000000,0.1111,-0.1738,0.0202,0.0363,0.6993,0.5821,Potensi Bangkrut
Asuransi Umum,86,PT Asuransi Jasindo Syariah,2019,1.4,0.1,0.59,1.69,0.11,0.03,0.08,0.97,1,0.0,2,4,2,2,4,9,300364000000,0.1818,0.8162,0.257,0.1911,0.621,1.8852,Area abu-abu
Asuransi Umum,86,PT Asuransi Jasindo Syariah,2020,2.77,0.06,0.9,12.98,0.0,0.0,0.0,0.97,2,0.0,4,0,4,4,0,0,462210000000,0.0468,2.5598,-0.4165,0.0521,0.0809,2.2762,Area abu-abu
Asuransi Umum,86,PT Asuransi Jasindo Syariah,2021,2.66,0.1,1.01,11.54,0.06,0.01,0.15,0.97,2,0.0,3,0,3,3,0,0,430360000000,0.1711,2.5704,-0.4005,0.1152,0.091,2.3762,Area abu-abu
Asuransi Umum,86,PT Asuransi Jasindo Syariah,2022,2.76,0.04,0.88,9.64,0.14,0.03,0.28,0.97,2,0.0,3,0,3,4,0,0,567878000000,0.104,2.2375,0.2203,0.2234,0.1089,2.7901,Perusahaan Sehat
Asuransi Umum,86,PT Asuransi Jasindo Syariah,2023,2.7,0.02,0.85,8.02,0.1,0.02,0.15,0.97,2,0.0,3,7,3,3,7,7,580720000000,-0.0742,1.9922,-0.1623,0.1459,0.1309,2.1067,Area abu-abu
Asuransi Umum,86,PT Asuransi Jasindo Syariah,2024,2.36,0.01,0.86,7.26,0.08,0.02,0.14,0.97,2,0.0,3,7,3,3,7,7,603899000000,0.2445,2.3406,-0.1036,0.1391,0.1447,2.5208,Area abu-abu
Asuransi Umum,89,PT Asuransi Maximus Graha Persada Tbk,2015,1.08,0.0,0.6,1.48,0.05,0.02,0.04,0.53,2,0.0,3,10,3,4,10,8,559080454850,-0.1001,0.1293,0.2629,0.1136,0.7084,1.2142,Area abu-abu
Asuransi Umum,89,PT Asuransi Maximus Graha Persada Tbk,2016,1.31,0.03,0.56,1.29,0.28,0.07,0.15,0.63,3,0.0,4,11,4,4,11,8,617651155745,-0.189,0.49,0.4664,0.4833,0.8135,2.2532,Area abu-abu
Asuransi Umum,89,PT Asuransi Maximus Graha Persada Tbk,2017,1.73,0.02,0.47,0.89,0.42,0.06,0.12,0.64,3,0.0,4,11,4,3,11,5,858490283480,-0.1557,0.8624,0.5508,0.4122,1.1839,3.0093,Perusahaan Sehat
Asuransi Umum,89,PT Asuransi Maximus Graha Persada Tbk,2018,1.74,0.03,0.46,0.87,0.52,0.07,0.13,0.78,3,0.0,4,11,4,3,11,5,969866560976,0.0897,0.9465,0.7186,0.5028,1.2117,3.3795,Perusahaan Sehat
Asuransi Umum,89,PT Asuransi Maximus Graha Persada Tbk,2019,1.93,0.06,0.46,0.84,0.05,0.01,0.02,0.73,2,0.0,3,10,3,3,10,8,975687462693,0.2915,1.066,0.7496,0.0759,1.2502,3.1416,Perusahaan Sehat
Asuransi Umum,89,PT Asuransi Maximus Graha Persada Tbk,2020,4.17,0.21,0.55,1.23,-0.48,-0.09,-0.2,0.7,2,0.0,3,10,3,3,10,8,990991744064,0.0593,2.7199,0.4519,-0.6780,0.8504,3.3442,Perusahaan Sehat
Asuransi Umum,89,PT Asuransi Maximus Graha Persada Tbk,2021,5.24,0.32,0.53,1.12,0.1,0.02,0.04,0.7,2,0.0,3,10,3,3,10,8,981089572950,0.1023,2.4058,0.5214,0.0843,0.9379,3.9494,Perusahaan Sehat
Asuransi Umum,89,PT Asuransi Maximus Graha Persada Tbk,2022,3.8,0.55,0.65,1.82,-0.25,-0.08,-0.23,0.7,2,0.0,3,10,3,3,10,8,1063470852516,0.6571,2.8117,0.2221,-0.5487,0.5765,3.0616,Perusahaan Sehat
Asuransi Umum,89,PT Asuransi Maximus Graha Persada Tbk,2023,6.68,0.2,0.6,1.49,0.02,0.01,0.02,0.69,2,0.0,3,10,3,3,10,8,961063073477,0.1278,2.9101,0.2716,0.0864,0.7031,3.9711,Perusahaan Sehat
Asuransi Umum,89,PT Asuransi Maximus Graha Persada Tbk,2024,7.97,0.23,0.65,1.84,0.02,0.01,0.02,0.69,2,0.0,3,10,3,3,10,8,1108514523644,-0.0218,3.3317,0.2519,0.0590,0.5721,4.2148,Perusahaan Sehat
Asuransi Umum,90,PT Asuransi Mitra Pelindung Mustika,2015,2.11,0.09,0.62,1.62,0.37,0.08,0.2,0.57,1,0.125,3,0,3,3,0,0,431955000000,0.7979,1.2238,0.4144,0.6104,0.6484,2.897,Perusahaan Sehat
Asuransi Umum,90,PT Asuransi Mitra Pelindung Mustika,2016,2.98,0.08,0.65,1.88,0.31,0.07,0.2,0.57,1,0.125,3,0,3,3,0,0,594080000000,0.4802,1.8184,0.5238,0.5514,0.5576,3.4513,Perusahaan Sehat
Asuransi Umum,90,PT Asuransi Mitra Pelindung Mustika,2017,3.08,0.14,0.65,1.87,0.32,0.09,0.24,0.57,2,0.125,4,0,4,3,0,0,782898000000,0.5987,1.8612,0.6762,0.7116,0.5619,3.811,Perusahaan Sehat
Asuransi Umum,90,PT Asuransi Mitra Pelindung Mustika,2018,4.45,0.42,0.67,2.06,0.25,0.06,0.19,0.57,2,0.125,3,0,3,2,0,0,1026523000000,0.1949,1.9349,0.7153,0.4896,0.5097,3.6494,Perusahaan Sehat
Asuransi Umum,90,PT Asuransi Mitra Pelindung Mustika,2019,3.53,0.18,0.63,1.69,0.27,0.07,0.19,0.57,2,0.125,3,0,3,3,0,0,1118465000000,0.1535,1.4914,0.8845,0.5521,0.6196,3.5476,Perusahaan Sehat
Asuransi Umum,90,PT Asuransi Mitra Pelindung Mustika,2020,7.61,0.34,0.69,2.25,0.33,0.06,0.21,0.88,2,0.0825,3,0,3,3,0,0,1702005000000,0.1144,3.0445,0.7792,0.4739,0.466,4.7637,Perusahaan Sehat
Asuransi Umum,90,PT Asuransi Mitra Pelindung Mustika,2021,7.57,0.24,0.7,2.33,0.28,0.04,0.14,0.88,1,0.0825,2,0,2,4,0,0,2024029000000,-0.0902,3.2485,0.7982,0.3410,0.4497,4.8374,Perusahaan Sehat
Asuransi Umum,90,PT Asuransi Mitra Pelindung Mustika,2022,10.66,0.39,0.67,2.01,0.22,0.03,0.1,0.96,2,0.0275,3,0,3,4,0,0,2022456000000,-0.0345,3.2832,0.9004,0.2342,0.5212,4.939,Perusahaan Sehat
Asuransi Umum,90,PT Asuransi Mitra Pelindung Mustika,2023,6.55,0.22,0.67,2.0,0.16,0.02,0.07,1.0,2,0.005,3,0,3,4,0,0,2148834000000,-0.0001,3.1161,0.9199,0.1596,0.5263,4.722,Perusahaan Sehat
Asuransi Umum,90,PT Asuransi Mitra Pelindung Mustika,2024,5.97,0.13,0.65,1.82,0.13,0.02,0.05,1.0,1,0.0001,2,0,2,3,0,0,2133757000000,0.0681,2.8713,0.9848,0.1279,0.5759,4.5599,Perusahaan Sehat
Asuransi Umum,91,PT Asuransi MSIG Indonesia,2015,4.56,0.05,0.75,3.03,0.33,0.06,0.24,0.8,2,0.0,4,0,4,4,0,0,2926660000000,0.008,2.936,0.6468,0.5598,0.3466,4.4891,Perusahaan Sehat
Asuransi Umum,91,PT Asuransi MSIG Indonesia,2016,3.67,0.07,0.69,2.19,0.32,0.06,0.2,0.8,3,0.0,4,0,4,5,0,0,2513178000000,-0.1122,2.3584,0.8227,0.5168,0.4804,4.1783,Perusahaan Sehat
Asuransi Umum,91,PT Asuransi MSIG Indonesia,2017,3.99,0.09,0.67,2.02,0.27,0.05,0.15,0.8,3,0.0,4,0,4,5,0,0,2547394000000,-0.0177,2.866,0.8996,0.3541,0.5193,4.639,Perusahaan Sehat
Asuransi Umum,91,PT Asuransi MSIG Indonesia,2018,2.32,0.03,0.74,2.86,0.16,0.02,0.09,0.8,3,0.0,4,0,4,5,0,0,3374090000000,0.103,2.1568,0.7103,0.2918,0.3677,3.5266,Perusahaan Sehat
Asuransi Umum,91,PT Asuransi MSIG Indonesia,2019,2.49,0.04,0.73,2.65,0.24,0.04,0.14,0.8,2,0.0,4,0,4,5,0,0,3475230000000,0.0454,2.137,0.7618,0.2750,0.3962,3.57,Perusahaan Sehat
Asuransi Umum,91,PT Asuransi MSIG Indonesia,2020,3.99,0.05,0.8,4.08,0.19,0.02,0.1,0.8,2,0.0,4,0,4,5,0,0,5184821000000,-0.0324,3.3485,0.5531,0.1157,0.257,4.2743,Perusahaan Sehat
Asuransi Umum,91,PT Asuransi MSIG Indonesia,2021,3.57,0.09,0.78,3.64,0.25,0.03,0.14,0.8,2,0.0,4,0,4,5,0,0,5087106000000,0.1532,2.994,0.6132,0.2608,0.2886,4.1567,Perusahaan Sehat
Asuransi Umum,91,PT Asuransi MSIG Indonesia,2022,2.52,0.03,0.77,3.38,0.2,0.03,0.13,0.8,2,0.0,4,0,4,5,0,0,4655875000000,0.095,2.3243,0.6458,0.2905,0.3104,3.571,Perusahaan Sehat
Asuransi Umum,91,PT Asuransi MSIG Indonesia,2023,2.35,0.02,0.71,2.49,0.29,0.05,0.17,0.8,2,0.0,4,0,4,5,0,0,4304220000000,0.1051,2.141,0.8268,0.3896,0.4209,3.7783,Perusahaan Sehat
Asuransi Umum,91,PT Asuransi MSIG Indonesia,2024,2.3,0.01,0.73,2.66,0.12,0.03,0.09,0.8,2,0.0,4,0,4,5,0,0,4131880000000,0.1371,2.0255,0.7796,0.2167,0.3943,3.4162,Perusahaan Sehat
Asuransi Umum,92,PT Asuransi Multi Artha Guna Tbk,2015,2.24,0.1,0.43,0.74,0.26,0.07,0.13,0.56,2,0.0,4,0,4,6,0,0,2627811764000,0.0384,0.5725,0.9783,0.5420,1.4151,3.5079,Perusahaan Sehat
Asuransi Umum,92,PT Asuransi Multi Artha Guna Tbk,2016,3.59,0.2,0.49,0.95,0.17,0.04,0.07,0.8,2,0.0,4,0,4,6,0,0,3436388457000,-0.0119,1.3272,0.8717,0.2715,1.1072,3.5776,Perusahaan Sehat
Asuransi Umum,92,PT Asuransi Multi Artha Guna Tbk,2017,3.82,0.18,0.52,1.1,0.16,0.03,0.07,0.8,2,0.0,4,0,4,7,0,0,3886960940000,0.0276,1.6677,0.8404,0.2346,0.9576,3.7003,Perusahaan Sehat
Asuransi Umum,92,PT Asuransi Multi Artha Guna Tbk,2018,4.88,0.18,0.57,1.34,0.04,0.01,0.02,0.8,2,0.0,4,0,4,8,0,0,4280729979000,-0.0526,2.1377,0.7846,0.0853,0.7813,3.789,Perusahaan Sehat
Asuransi Umum,92,PT Asuransi Multi Artha Guna Tbk,2019,4.36,0.11,0.58,1.37,0.09,0.02,0.04,0.8,2,0.0,4,9,4,6,9,14,4626630367000,0.0704,1.8876,0.7774,0.1146,0.7657,3.5454,Perusahaan Sehat
Asuransi Umum,92,PT Asuransi Multi Artha Guna Tbk,2020,5.51,1.98,0.58,1.36,0.14,0.02,0.05,0.8,2,0.0,4,9,4,6,9,14,4737130041000,-0.0151,3.1587,0.7299,0.1757,0.7715,4.8357,Perusahaan Sehat
Asuransi Umum,92,PT Asuransi Multi Artha Guna Tbk,2021,4.05,0.21,0.6,1.5,0.19,0.03,0.08,0.8,2,0.0,4,9,4,6,9,14,4652817906000,0.0255,2.0978,0.6726,0.2328,0.6991,3.7023,Perusahaan Sehat
Asuransi Umum,92,PT Asuransi Multi Artha Guna Tbk,2022,4.11,0.16,0.64,1.77,0.19,0.04,0.1,0.8,2,0.0,4,9,4,6,9,14,4705846343000,0.1158,2.1264,0.6099,0.2753,0.594,3.6057,Perusahaan Sehat
Asuransi Umum,92,PT Asuransi Multi Artha Guna Tbk,2023,4.35,0.19,0.67,2.0,0.16,0.03,0.09,0.8,2,0.0,4,9,4,6,9,14,5116000794000,0.0521,2.2421,0.5918,0.2072,0.5251,3.5663,Perusahaan Sehat
Asuransi Umum,92,PT Asuransi Multi Artha Guna Tbk,2024,4.05,0.15,0.66,1.95,0.22,0.04,0.13,0.8,2,0.0,4,9,4,6,9,14,5366438278000,0.1243,2.205,0.6128,0.3101,0.5378,3.6658,Perusahaan Sehat
Asuransi Umum,93,PT Asuransi Perisai Listrik Nasional,2015,2.7,0.12,0.82,5.24,0.05,0.0,0.02,0.64,1,0.0,3,7,3,3,7,7,688536000000,-0.2176,3.7245,0.0331,0.0294,0.2003,3.9872,Perusahaan Sehat
Asuransi Umum,93,PT Asuransi Perisai Listrik Nasional,2016,2.51,0.08,0.63,1.68,0.2,0.01,0.04,0.68,2,0.0,3,3,3,3,3,7,585160000000,-0.1687,2.8918,0.0885,0.1158,0.6269,3.723,Perusahaan Sehat
Asuransi Umum,93,PT Asuransi Perisai Listrik Nasional,2017,3.49,0.05,0.72,2.55,0.16,0.01,0.04,0.68,2,0.0,4,0,4,4,0,0,803478000000,0.4068,3.9123,0.1623,0.1064,0.4119,4.5929,Perusahaan Sehat
Asuransi Umum,93,PT Asuransi Perisai Listrik Nasional,2018,4.18,0.12,0.77,3.43,0.18,0.01,0.06,0.7,1,0.0,3,3,3,4,3,6,1041532000000,0.3149,4.2654,0.1506,0.1116,0.3058,4.8334,Perusahaan Sehat
Asuransi Umum,93,PT Asuransi Perisai Listrik Nasional,2019,5.03,0.09,0.85,5.68,0.19,0.02,0.12,0.8,2,0.0,4,0,4,5,0,0,1221480000000,0.5063,4.0977,-0.2549,0.1666,0.1848,4.1942,Perusahaan Sehat
Asuransi Umum,93,PT Asuransi Perisai Listrik Nasional,2020,7.67,0.25,0.81,4.21,0.26,0.02,0.13,0.8,2,0.0,4,0,4,5,0,0,1204013000000,0.0024,4.2693,-0.1775,0.1710,0.2496,4.5124,Perusahaan Sehat
Asuransi Umum,93,PT Asuransi Perisai Listrik Nasional,2021,9.28,0.25,0.84,5.13,0.18,0.02,0.1,0.8,2,0.0,3,0,3,5,0,0,1538686000000,0.1515,4.4186,-0.0888,0.1251,0.2046,4.6595,Perusahaan Sehat
Asuransi Umum,93,PT Asuransi Perisai Listrik Nasional,2022,7.21,0.23,0.82,4.67,0.31,0.03,0.18,0.8,2,0.0,3,0,3,6,0,0,1734932000000,0.367,4.0849,0.0257,0.2106,0.2248,4.5461,Perusahaan Sehat
Asuransi Umum,93,PT Asuransi Perisai Listrik Nasional,2023,10.31,0.42,0.79,3.91,0.19,0.04,0.19,0.8,2,0.0,4,0,4,4,0,0,1763338000000,0.9247,4.4616,0.1198,0.2657,0.2686,5.1158,Perusahaan Sehat
Asuransi Umum,93,PT Asuransi Perisai Listrik Nasional,2024,5.43,0.04,0.94,14.71,0.16,0.01,0.21,0.8,2,0.0,3,0,3,5,0,0,6304848000000,0.4746,5.0466,0.0586,0.0892,0.0714,5.2657,Perusahaan Sehat
Asuransi Umum,94,PT Asuransi Raksa Pratikara,2015,1.87,1.27,0.79,3.66,0.15,0.05,0.21,0.6,2,0.0,3,0,3,5,0,0,1609399500000,0.2247,2.4421,0.6266,0.3371,0.2865,3.6923,Perusahaan Sehat
Asuransi Umum,94,PT Asuransi Raksa Pratikara,2016,1.12,0.47,0.76,3.13,0.11,0.03,0.13,0.6,2,0.0,3,0,3,5,0,0,1527605960000,-0.0562,0.2992,0.7186,0.2266,0.3359,1.5804,Area abu-abu
Asuransi Umum,94,PT Asuransi Raksa Pratikara,2017,0.87,0.26,0.75,3.02,0.1,0.03,0.12,0.6,2,0.0,3,0,3,5,0,0,1595563000000,-0.0294,-0.3616,0.7315,0.1810,0.3475,0.8985,Potensi Bangkrut
Asuransi Umum,94,PT Asuransi Raksa Pratikara,2018,0.79,0.23,0.76,3.1,0.11,0.03,0.12,0.6,2,0.0,3,0,3,5,0,0,1741510000000,0.0395,-0.6003,0.732,0.2121,0.3383,0.6821,Potensi Bangkrut
Asuransi Umum,94,PT Asuransi Raksa Pratikara,2019,0.74,0.17,0.74,2.86,0.12,0.03,0.13,0.6,2,0.0,3,0,3,5,0,0,1763884000000,0.0681,-0.6996,0.7827,0.2432,0.3671,0.6934,Potensi Bangkrut
Asuransi Umum,94,PT Asuransi Raksa Pratikara,2020,0.51,0.02,0.68,2.13,0.16,0.05,0.16,0.6,2,0.0,3,0,3,6,0,0,1554564000000,-0.0166,-1.1234,0.9722,0.3924,0.4938,0.735,Potensi Bangkrut
Asuransi Umum,94,PT Asuransi Raksa Pratikara,2021,0.61,0.02,0.67,2.02,0.2,0.06,0.17,0.6,2,0.0,3,0,3,6,0,0,1639874000000,-0.0508,-0.8649,1.014,0.4403,0.5209,1.1102,Area abu-abu
Asuransi Umum,94,PT Asuransi Raksa Pratikara,2022,0.63,0.04,0.66,1.98,0.21,0.06,0.16,0.6,2,0.0,3,0,3,6,0,0,1939292000000,0.0577,-0.827,1.0384,0.4366,0.5307,1.1787,Area abu-abu
Asuransi Umum,94,PT Asuransi Raksa Pratikara,2023,0.7,0.09,0.68,2.1,0.18,0.05,0.16,0.6,2,0.0,3,12,3,6,12,8,2186737000000,0.1994,-0.6889,0.6056,0.3840,0.5011,0.8017,Potensi Bangkrut
Asuransi Umum,94,PT Asuransi Raksa Pratikara,2024,0.67,0.07,0.66,1.95,0.2,0.06,0.17,0.6,2,0.0,3,12,3,6,12,8,2288683000000,0.0711,-0.7161,0.3937,0.4259,0.5394,0.6429,Potensi Bangkrut
Asuransi Umum,95,PT Asuransi Rama Satria Wibawa,2019,1.71,0.14,0.43,0.76,0.13,0.03,0.05,0.23,1,0.0,2,0,2,3,0,0,196174651501,0.0,1.0152,-0.9422,0.2406,1.3743,1.688,Area abu-abu
Asuransi Umum,95,PT Asuransi Rama Satria Wibawa,2020,1.01,0.07,0.44,0.79,0.01,0.0,0.0,0.23,1,0.0,2,0,2,3,0,0,199744000000,-0.2175,0.0201,-0.915,0.1261,1.3244,0.5555,Potensi Bangkrut
Asuransi Umum,95,PT Asuransi Rama Satria Wibawa,2021,1.55,0.11,0.33,0.5,0.15,0.02,0.03,0.23,1,0.0,2,0,2,3,0,0,173288000000,-0.1222,0.7121,-1.0462,0.0113,2.0955,1.7727,Area abu-abu
Asuransi Umum,95,PT Asuransi Rama Satria Wibawa,2022,1.45,0.14,0.37,0.6,-0.87,-0.08,-0.13,0.23,1,0.0,2,0,2,3,0,0,163542000000,-0.457,0.535,-1.3611,-0.6730,1.7639,0.2648,Potensi Bangkrut
Asuransi Umum,95,PT Asuransi Rama Satria Wibawa,2023,1.22,0.08,0.44,0.8,-0.04,-0.01,-0.02,0.23,1,0.0,2,0,2,3,0,0,180812000000,2.2568,0.372,-1.3277,-0.2003,1.3104,0.1544,Potensi Bangkrut
Asuransi Umum,95,PT Asuransi Rama Satria Wibawa,2024,1.6,0.35,0.41,0.69,-0.0,-0.0,-0.0,0.64,2,0.0,3,0,3,3,0,0,237329000000,0.6703,0.7911,-1.0214,-0.0388,1.5112,1.2421,Area abu-abu
Asuransi Umum,96,PT Asuransi Ramayana Tbk.,2015,5.75,0.26,0.81,4.18,0.2,0.04,0.23,0.0,0,0.0,0,0,0,0,0,0,1422094069358,0.0,3.0974,0.3695,0.3756,0.2511,4.0935,Perusahaan Sehat
Asuransi Umum,96,PT Asuransi Ramayana Tbk.,2016,8.02,0.0,0.78,3.62,0.19,0.04,0.2,0.26,0,0.4686,4,21,4,5,21,9,1434654843880,0.0742,4.6578,0.4681,0.3646,0.29,5.7805,Perusahaan Sehat
Asuransi Umum,96,PT Asuransi Ramayana Tbk.,2017,4.47,0.0,0.75,2.98,0.19,0.04,0.17,0.28,3,0.4686,4,21,4,5,21,9,1418524795003,-0.0255,2.8307,0.5614,0.3498,0.3522,4.0941,Perusahaan Sehat
Asuransi Umum,96,PT Asuransi Ramayana Tbk.,2018,4.9,0.29,0.73,2.64,0.2,0.05,0.17,0.28,3,0.4686,4,21,4,5,21,7,1478007061719,0.0819,2.8619,0.6623,0.4010,0.3974,4.3226,Perusahaan Sehat
Asuransi Umum,96,PT Asuransi Ramayana Tbk.,2019,5.03,0.21,0.71,2.49,0.17,0.04,0.14,0.28,3,0.4686,4,21,4,5,21,7,1548001829554,0.0203,2.9864,0.6083,0.3256,0.4213,4.3416,Perusahaan Sehat
Asuransi Umum,96,PT Asuransi Ramayana Tbk.,2020,6.05,0.46,0.67,2.01,0.22,0.05,0.15,0.31,2,0.5017,3,15,3,5,15,7,1516562973028,-0.0572,3.6936,0.7395,0.3404,0.5214,5.2949,Perusahaan Sehat
Asuransi Umum,96,PT Asuransi Ramayana Tbk.,2021,3.28,0.29,0.61,1.57,0.18,0.04,0.11,0.32,2,0.5068,3,15,3,5,15,7,1411160148272,-0.0102,2.3587,0.907,0.3703,0.6687,4.3048,Perusahaan Sehat
Asuransi Umum,96,PT Asuransi Ramayana Tbk.,2022,3.76,0.27,0.62,1.65,0.19,0.05,0.13,0.32,2,0.5068,3,15,3,5,15,7,1627241657686,0.3005,2.4776,0.9116,0.3721,0.6365,4.3977,Perusahaan Sehat
Asuransi Umum,96,PT Asuransi Ramayana Tbk.,2023,3.23,0.17,0.63,1.73,0.16,0.05,0.12,0.32,2,0.5068,4,18,4,5,18,9,1850769013354,0.1968,2.4754,0.9165,0.3857,0.6077,4.3853,Perusahaan Sehat
Asuransi Umum,96,PT Asuransi Ramayana Tbk.,2024,2.87,0.24,0.61,1.54,0.07,0.02,0.04,0.32,2,0.5068,4,18,4,5,18,9,1748726624469,-0.1947,2.4427,0.9939,0.1611,0.6818,4.2795,Perusahaan Sehat
Asuransi Umum,97,PT Asuransi Reliance Indonesia,2017,5.0,0.14,0.52,1.08,0.06,0.04,0.08,0.0,0,0.0,0,0,0,0,0,0,443187000000,0.0,2.1542,1.1824,0.4032,0.9717,4.7115,Perusahaan Sehat
Asuransi Umum,97,PT Asuransi Reliance Indonesia,2018,4.36,0.19,0.53,1.13,0.12,0.08,0.17,0.95,3,0.0,4,0,4,4,0,0,543888000000,0.4308,2.0994,1.2179,0.6853,0.93,4.9325,Perusahaan Sehat
Asuransi Umum,97,PT Asuransi Reliance Indonesia,2019,3.7,0.9,0.53,1.11,0.06,0.05,0.11,0.95,2,0.0,4,0,4,3,0,0,606281000000,0.5361,1.68,1.2662,0.4843,0.9485,4.3789,Perusahaan Sehat
Asuransi Umum,97,PT Asuransi Reliance Indonesia,2020,5.41,0.9,0.47,0.87,0.06,0.06,0.11,0.95,2,0.0,4,0,4,3,0,0,606330000000,0.1305,2.3697,1.4585,0.4510,1.2013,5.4806,Perusahaan Sehat
Asuransi Umum,97,PT Asuransi Reliance Indonesia,2021,2.81,0.27,0.49,0.97,0.06,0.06,0.12,0.95,2,0.0,4,0,4,3,0,0,734486000000,0.0756,1.6349,1.4193,0.5313,1.0778,4.6633,Perusahaan Sehat
Asuransi Umum,97,PT Asuransi Reliance Indonesia,2022,4.71,0.14,0.46,0.84,0.01,0.01,0.01,0.95,2,0.0,4,0,4,3,0,0,693414000000,0.303,2.3696,1.5254,0.1450,1.249,5.289,Perusahaan Sehat
Asuransi Umum,97,PT Asuransi Reliance Indonesia,2023,2.06,0.29,0.53,1.13,0.01,0.02,0.04,0.95,2,0.0,4,0,4,2,0,0,842799000000,0.185,1.0703,1.3255,0.1495,0.926,3.4712,Perusahaan Sehat
Asuransi Umum,97,PT Asuransi Reliance Indonesia,2024,1.89,0.2,0.6,1.48,-0.0,-0.01,-0.01,0.95,2,0.0,4,0,4,2,0,0,965173000000,0.2753,0.8911,1.1406,-0.0224,0.7119,2.7211,Perusahaan Sehat
Asuransi Umum,98,PT Asuransi Sahabat Artha Proteksi,2017,2.09,0.31,0.64,1.81,0.01,0.0,0.01,0.0,0,0.0,0,0,0,0,0,0,438728480000,0.0,1.1673,0.1911,0.0212,0.5793,1.9589,Area abu-abu
Asuransi Umum,98,PT Asuransi Sahabat Artha Proteksi,2018,1.86,0.18,0.66,1.95,0.01,0.0,0.01,0.35,2,0.0,3,0,3,3,0,0,465529950000,-0.0877,1.088,0.1883,0.0217,0.5377,1.8357,Area abu-abu
Asuransi Umum,98,PT Asuransi Sahabat Artha Proteksi,2019,3.17,0.13,0.69,2.28,0.03,0.01,0.03,0.35,2,0.0,3,0,3,3,0,0,530838510000,0.2605,1.8146,0.191,0.0398,0.4614,2.5069,Area abu-abu
Asuransi Umum,98,PT Asuransi Sahabat Artha Proteksi,2020,2.09,0.09,0.67,2.06,0.11,0.02,0.08,0.4,1,0.3996,2,0,2,3,0,0,602525150000,-0.2395,1.1837,0.2472,0.2005,0.5086,2.14,Area abu-abu
Asuransi Umum,98,PT Asuransi Sahabat Artha Proteksi,2021,1.65,0.14,0.66,1.93,0.08,0.02,0.06,0.4,1,0.3996,2,0,2,3,0,0,612411540000,0.1329,0.7318,0.0667,0.1749,0.543,1.5163,Area abu-abu
Asuransi Umum,98,PT Asuransi Sahabat Artha Proteksi,2022,2.15,0.28,0.7,2.38,0.07,0.02,0.08,0.4,1,0.3996,2,0,2,3,0,0,767599240000,0.6441,1.0476,0.1289,0.1770,0.4406,1.7941,Area abu-abu
Asuransi Umum,98,PT Asuransi Sahabat Artha Proteksi,2023,3.18,0.43,0.72,2.56,0.08,0.03,0.12,0.4,2,0.3996,3,0,3,3,0,0,914778240000,0.6188,1.6789,0.2168,0.3004,0.4107,2.6067,Perusahaan Sehat
Asuransi Umum,98,PT Asuransi Sahabat Artha Proteksi,2024,3.6,0.76,0.67,2.04,0.09,0.04,0.13,0.42,2,0.4169,3,0,3,3,0,0,896022680000,0.048,1.5749,0.36,0.3656,0.5153,2.8157,Perusahaan Sehat
Asuransi Umum,99,PT Asuransi Samsung Tugu,2021,3.6,0.17,0.76,3.08,0.36,0.02,0.09,0.0,0,0.0,0,0,0,0,0,0,1386012000000,0.0,3.1942,0.7487,0.1786,0.3407,4.4622,Perusahaan Sehat
Asuransi Umum,99,PT Asuransi Samsung Tugu,2022,2.78,0.28,0.78,2.61,0.54,0.04,0.13,0.7,2,0.0,4,0,4,4,0,0,1289972000000,0.0869,3.0526,0.9339,0.3722,0.4029,4.7616,Perusahaan Sehat
Asuransi Umum,99,PT Asuransi Samsung Tugu,2023,2.69,0.01,0.7,2.34,0.27,0.02,0.06,0.7,2,0.0,4,0,4,4,0,0,1334934000000,-0.0123,2.6061,0.8767,0.1610,0.449,4.0928,Perusahaan Sehat
Asuransi Umum,99,PT Asuransi Samsung Tugu,2024,2.27,0.01,0.68,2.16,0.37,0.03,0.08,0.7,2,0.0,4,0,4,4,0,0,1374888000000,0.0115,2.1059,0.9067,0.2136,0.4864,3.7127,Perusahaan Sehat
Asuransi Umum,100,PT Asuransi Simas Insurtech,2015,1.1,0.36,0.08,0.0,0.76,0.05,0.0,0.99,2,0.0,4,0,4,3,0,0,122165000000,227.6667,0.0228,0.3425,0.1981,12.6999,13.2633,Perusahaan Sehat
Asuransi Umum,100,PT Asuransi Simas Insurtech,2016,1.11,0.47,0.12,0.0,0.12,0.01,0.0,0.99,2,0.0,4,0,4,3,0,0,130238000000,0.5156,0.0334,0.3566,0.1392,7.5011,8.0303,Perusahaan Sehat
Asuransi Umum,100,PT Asuransi Simas Insurtech,2017,0.88,0.13,0.1,0.12,0.66,0.05,0.06,0.85,2,0.0,3,0,3,3,0,0,177485000000,0.2002,-0.0369,0.1655,0.2274,9.0371,9.3931,Perusahaan Sehat
Asuransi Umum,100,PT Asuransi Simas Insurtech,2018,1.4,0.09,0.14,0.16,0.34,0.03,0.04,0.69,2,0.0,3,0,3,3,0,0,311845000000,1.1213,0.1511,0.1987,0.1372,6.5943,7.0813,Perusahaan Sehat
Asuransi Umum,100,PT Asuransi Simas Insurtech,2019,2.66,0.25,0.63,1.69,0.15,0.07,0.19,0.69,2,0.0,3,0,3,4,0,0,889636000000,13.2832,1.7289,0.297,0.4679,0.6224,3.1162,Perusahaan Sehat
Asuransi Umum,100,PT Asuransi Simas Insurtech,2020,0.71,0.08,0.6,1.47,0.02,0.01,0.03,0.69,2,0.0,3,0,3,4,0,0,767127000000,0.1272,-0.2248,0.2586,0.1864,0.7147,0.9348,Potensi Bangkrut
Asuransi Umum,100,PT Asuransi Simas Insurtech,2021,0.74,0.09,0.55,1.22,0.19,0.07,0.14,0.69,2,0.0,3,0,3,4,0,0,808290000000,-0.3995,-0.2425,0.4563,0.6021,0.8575,1.6734,Area abu-abu
Asuransi Umum,100,PT Asuransi Simas Insurtech,2022,1.4,0.04,0.45,0.8,0.24,0.16,0.29,0.69,2,0.0,3,0,3,4,0,0,920252000000,1.1993,0.2757,0.9129,1.0588,1.3078,3.5552,Perusahaan Sehat
Asuransi Umum,100,PT Asuransi Simas Insurtech,2023,7.85,2.23,0.46,0.86,0.12,0.19,0.35,0.69,2,0.0,3,0,3,4,0,0,1176944000000,1.9395,3.1587,1.0446,1.1822,1.2144,6.6,Perusahaan Sehat
Asuransi Umum,100,PT Asuransi Simas Insurtech,2024,11.03,3.37,0.56,1.28,0.04,0.08,0.18,0.69,2,0.0,3,0,3,4,0,0,1733065000000,0.9079,2.6693,0.9611,0.4707,0.82,4.9211,Perusahaan Sehat
Asuransi Umum,101,PT Asuransi Sinar Mas,2015,3.18,0.14,0.57,1.32,0.4,0.08,0.18,1.0,2,0.0,4,0,4,6,0,0,6191014000000,0.229,1.1314,1.3086,0.5376,0.7925,3.7702,Perusahaan Sehat
Asuransi Umum,101,PT Asuransi Sinar Mas,2016,2.51,0.1,0.54,1.19,0.4,0.08,0.18,1.0,2,0.0,4,0,4,6,0,0,5916686000000,0.0316,0.7849,1.3976,0.5870,0.8856,3.6551,Perusahaan Sehat
Asuransi Umum,101,PT Asuransi Sinar Mas,2017,1.83,0.08,0.89,8.43,0.05,0.02,0.17,1.0,2,0.0,4,0,4,6,0,0,31271077000000,7.8241,0.2838,0.3224,0.1378,0.1246,0.8686,Potensi Bangkrut
Asuransi Umum,101,PT Asuransi Sinar Mas,2018,1.4,0.0,0.9,9.27,0.02,0.01,0.15,1.0,2,0.0,4,0,4,6,0,0,39097329000000,1.3365,0.1292,0.295,0.0955,0.1133,0.6329,Potensi Bangkrut
Asuransi Umum,101,PT Asuransi Sinar Mas,2019,1.55,0.15,0.9,9.19,0.03,0.02,0.17,1.0,2,0.0,4,0,4,6,0,0,44577624000000,0.1627,0.1439,0.3003,0.1133,0.1143,0.6718,Potensi Bangkrut
Asuransi Umum,101,PT Asuransi Sinar Mas,2020,1.5,0.27,0.89,7.97,0.03,0.02,0.18,1.0,2,0.0,4,0,4,6,0,0,44790941000000,0.0212,0.1406,0.344,0.1362,0.1318,0.7526,Potensi Bangkrut
Asuransi Umum,101,PT Asuransi Sinar Mas,2021,2.48,0.26,0.91,9.58,0.01,0.0,0.04,1.0,2,0.0,5,0,5,7,0,0,47706642000000,-0.0909,0.3826,0.289,0.0309,0.1096,0.8122,Potensi Bangkrut
Asuransi Umum,101,PT Asuransi Sinar Mas,2022,1.78,0.14,0.89,8.21,0.02,0.01,0.07,1.0,2,0.0,4,0,4,6,0,0,45035755000000,-0.2104,0.3355,0.3313,0.0791,0.1278,0.8736,Potensi Bangkrut
Asuransi Umum,101,PT Asuransi Sinar Mas,2023,2.06,0.27,0.86,6.3,0.04,0.02,0.12,1.0,2,0.0,4,0,4,6,0,0,40386010000000,-0.2768,0.4408,0.4181,0.1169,0.1666,1.1424,Area abu-abu
Asuransi Umum,101,PT Asuransi Sinar Mas,2024,1.69,0.16,0.85,5.6,0.04,0.02,0.1,1.0,2,0.0,3,0,3,6,0,0,40268335000000,-0.0381,0.2911,0.4692,0.1291,0.1875,1.0769,Potensi Bangkrut
Asuransi Umum,102,PT Asuransi Sonwelis Takaful,2015,9.65,5.26,0.07,0.07,0.03,0.0,0.0,0.0,0,0.0,0,0,0,0,0,0,61417000000,0.0,1.2382,2.6005,0.0596,14.2616,18.1598,Perusahaan Sehat
Asuransi Umum,102,PT Asuransi Sonwelis Takaful,2016,9.55,3.06,0.08,0.09,0.03,0.0,0.0,0.6,2,0.9,4,0,4,3,0,0,65069000000,0.3622,1.0176,2.4687,0.0596,12.0571,15.603,Perusahaan Sehat
Asuransi Umum,102,PT Asuransi Sonwelis Takaful,2017,122.53,44.85,0.09,0.11,-0.0,-0.0,-0.0,0.6,2,0.9,4,0,4,3,0,0,66934000000,0.2857,1.3221,2.3681,0.0191,9.7054,13.4147,Perusahaan Sehat
Asuransi Umum,102,PT Asuransi Sonwelis Takaful,2018,8.13,2.27,0.08,0.1,-0.04,-0.01,-0.01,0.6,2,0.9,4,0,4,3,0,0,79330000000,-0.0106,0.9669,2.4044,-0.0034,10.7778,14.1457,Perusahaan Sehat
Asuransi Umum,102,PT Asuransi Sonwelis Takaful,2019,46.07,20.46,0.08,0.09,-0.09,-0.01,-0.02,0.6,2,0.9,4,0,4,3,0,0,78593000000,-0.0837,1.0307,2.3942,-0.1938,11.2565,14.4875,Perusahaan Sehat
Asuransi Umum,102,PT Asuransi Sonwelis Takaful,2020,9.98,6.75,0.1,0.11,-0.62,-0.08,-0.09,0.6,2,0.9,4,0,4,3,0,0,74531000000,-0.1152,0.5531,2.2433,-0.5789,9.9858,12.2032,Perusahaan Sehat
Asuransi Umum,102,PT Asuransi Sonwelis Takaful,2021,8.46,6.92,0.1,0.13,-0.1,-0.01,-0.02,0.6,2,1.0,4,0,4,3,0,0,74654000000,0.0096,0.6508,2.1928,-0.0922,8.1748,10.9262,Perusahaan Sehat
Asuransi Umum,102,PT Asuransi Sonwelis Takaful,2022,10.85,7.99,0.09,0.11,-0.11,-0.02,-0.02,0.6,2,1.0,4,0,4,3,0,0,73360000000,0.0452,0.4889,1.6264,-0.1289,9.9958,11.9822,Perusahaan Sehat
Asuransi Umum,102,PT Asuransi Sonwelis Takaful,2023,6.74,4.95,0.11,0.15,-0.15,-0.02,-0.03,0.6,2,1.0,4,0,4,3,0,0,74204000000,-0.084,0.3733,1.5424,-0.1750,7.028,8.7688,Perusahaan Sehat
Asuransi Umum,102,PT Asuransi Sonwelis Takaful,2024,47.33,29.15,0.04,0.05,-0.26,-0.03,-0.04,0.6,2,1.0,3,3,3,3,3,5,67569000000,-0.2772,0.5533,1.6045,-0.2839,20.584,22.4578,Perusahaan Sehat
Asuransi Umum,103,PT Asuransi Staco Mandiri,2015,3.55,0.31,0.53,1.19,0.11,0.01,0.03,0.69,2,0.0,4,0,4,3,0,0,261120000000,-0.061,2.5574,0.3717,0.0606,0.8809,3.8705,Perusahaan Sehat
Asuransi Umum,103,PT Asuransi Staco Mandiri,2016,3.76,0.55,0.33,0.53,0.2,0.03,0.05,0.64,2,0.0,4,0,4,3,0,0,204210000000,0.0437,1.7206,0.543,0.1374,1.9879,4.3889,Perusahaan Sehat
Asuransi Umum,103,PT Asuransi Staco Mandiri,2017,4.06,0.25,0.33,0.53,0.1,0.02,0.04,0.64,1,0.0,3,0,3,2,0,0,213492000000,0.5046,1.884,0.5965,0.1656,1.9848,4.6309,Perusahaan Sehat
Asuransi Umum,103,PT Asuransi Staco Mandiri,2018,5.83,0.54,0.36,0.71,0.12,0.02,0.05,0.0,0,0.0,0,0,0,0,0,0,227819000000,-0.0157,2.3721,0.6003,0.1000,1.8509,4.9234,Perusahaan Sehat
Asuransi Umum,103,PT Asuransi Staco Mandiri,2019,5.57,0.0,0.0,0.0,0.11,0.03,0.0,0.64,2,0.0,3,0,3,3,0,0,238823000000,0.3358,2.311,0.6464,0.1666,1.4844,4.6084,Perusahaan Sehat
Asuransi Umum,103,PT Asuransi Staco Mandiri,2020,4.49,1.89,0.4,0.67,0.03,0.07,0.11,0.64,2,0.0,3,0,3,3,0,0,298910000000,11.3055,2.6112,0.7591,0.4914,1.5675,5.4292,Perusahaan Sehat
Asuransi Umum,103,PT Asuransi Staco Mandiri,2021,2.74,0.65,0.14,0.33,-0.02,-0.05,-0.13,0.64,2,0.0,3,0,3,3,0,0,348144000000,0.0487,1.5406,0.4324,-0.4118,3.1872,4.7485,Perusahaan Sehat
Asuransi Umum,103,PT Asuransi Staco Mandiri,2022,1.78,0.45,0.18,0.42,0.05,0.03,0.07,0.64,2,0.0,3,0,3,3,0,0,362411000000,-0.7435,0.9262,0.5253,0.2239,2.4814,4.1569,Perusahaan Sehat
Asuransi Umum,103,PT Asuransi Staco Mandiri,2023,1.83,0.35,0.6,1.47,-0.01,-0.01,-0.02,0.64,2,0.0,3,0,3,3,0,0,369134000000,1.1639,0.7501,0.523,0.0703,0.714,2.0574,Area abu-abu
Asuransi Umum,103,PT Asuransi Staco Mandiri,2024,2.33,0.57,0.54,1.19,0.05,0.02,0.04,0.85,2,0.0,4,0,4,4,0,0,574269000000,-0.4838,1.226,0.3795,0.1146,0.8828,2.6029,Perusahaan Sehat
Asuransi Umum,104,PT Asuransi Sumit Oto,2015,0.86,0.02,0.76,3.16,0.32,0.13,0.54,0.51,2,0.0,4,0,4,3,0,0,580123000000,0.204,-0.0301,0.2225,1.0165,0.3328,1.5417,Area abu-abu
Asuransi Umum,104,PT Asuransi Sumit Oto,2016,0.49,0.0,0.79,3.81,0.28,0.12,0.57,0.51,2,0.0,4,0,4,3,0,0,580699000000,0.031,-0.2523,0.1163,0.9393,0.2755,1.0788,Potensi Bangkrut
Asuransi Umum,104,PT Asuransi Sumit Oto,2017,0.08,0.0,0.76,3.16,0.37,0.16,0.65,0.51,2,0.0,2,0,2,3,0,0,582719000000,0.0135,-2.9301,0.2245,1.2805,0.3322,-1.0929,Potensi Bangkrut
Asuransi Umum,104,PT Asuransi Sumit Oto,2018,0.09,0.0,0.77,3.31,0.29,0.13,0.56,0.51,2,0.0,2,0,2,3,0,0,584313000000,0.0547,-2.9818,0.1972,1.0642,0.3169,-1.4036,Potensi Bangkrut
Asuransi Umum,104,PT Asuransi Sumit Oto,2019,0.06,0.0,0.7,2.37,0.32,0.16,0.55,0.51,2,0.0,4,0,4,4,0,0,492869000000,-0.0354,-2.7308,0.306,1.2952,0.4431,-0.6866,Potensi Bangkrut
Asuransi Umum,104,PT Asuransi Sumit Oto,2020,0.05,0.0,0.58,1.37,0.5,0.28,0.67,0.51,2,0.0,4,0,4,4,0,0,330001000000,-0.2643,-2.1439,0.3896,2.3111,0.7682,1.325,Area abu-abu
Asuransi Umum,104,PT Asuransi Sumit Oto,2021,0.08,0.01,0.51,1.03,0.39,0.14,0.29,0.51,2,0.0,3,0,3,4,0,0,321358000000,-0.3579,-1.8866,0.594,1.1271,1.022,0.8565,Potensi Bangkrut
Asuransi Umum,104,PT Asuransi Sumit Oto,2022,0.04,0.0,0.58,1.39,0.32,0.09,0.21,0.51,2,0.0,3,0,3,4,0,0,390637000000,-0.1106,-2.4044,0.5265,0.6656,0.7531,-0.4592,Potensi Bangkrut
Asuransi Umum,104,PT Asuransi Sumit Oto,2023,0.06,0.0,0.61,1.6,0.29,0.08,0.21,0.51,2,0.0,3,0,3,4,0,0,495889000000,0.3336,-2.5217,0.5972,0.6313,0.6579,-0.6353,Potensi Bangkrut
Asuransi Umum,104,PT Asuransi Sumit Oto,2024,0.06,0.0,0.61,1.56,0.32,0.09,0.23,0.51,2,0.0,3,0,3,4,0,0,637359000000,0.2934,-2.5023,0.7589,0.6944,0.6711,-0.3779,Potensi Bangkrut
Asuransi Umum,105,PT Asuransi Takaful Umum,2016,2.68,0.57,0.53,2.41,-0.53,-0.22,-1.01,0.0,0,0.0,0,0,0,0,0,0,133494000000,0.0,0.7765,-0.5076,-1.3168,0.4364,-0.6114,Potensi Bangkrut
Asuransi Umum,105,PT Asuransi Takaful Umum,2017,1.19,0.25,0.55,4.07,-0.15,-0.05,-0.38,0.95,0,0.0,1,0,1,1,0,0,81636000000,-0.4884,0.1121,-1.5584,-0.2098,0.2578,-1.3984,Potensi Bangkrut
Asuransi Umum,105,PT Asuransi Takaful Umum,2018,1.77,0.36,0.31,0.66,0.13,0.01,0.02,0.95,2,0.0,3,0,3,2,0,0,130776000000,-0.5948,0.1575,-0.9368,0.0314,1.5989,0.8509,Potensi Bangkrut
Asuransi Umum,105,PT Asuransi Takaful Umum,2019,0.97,0.13,0.36,0.88,0.05,0.01,0.02,0.95,2,0.025,3,0,3,3,0,0,158605000000,0.9552,-0.0257,-0.7508,0.0257,1.1968,0.446,Potensi Bangkrut
Asuransi Umum,105,PT Asuransi Takaful Umum,2020,1.84,0.16,0.37,1.01,0.11,0.02,0.05,0.95,2,0.025,3,0,3,4,0,0,189052000000,0.3965,0.5956,-0.5676,0.1527,1.0444,1.2251,Area abu-abu
Asuransi Umum,105,PT Asuransi Takaful Umum,2021,2.83,0.08,0.48,1.47,0.05,0.01,0.04,0.95,2,0.025,3,0,3,3,0,0,214266000000,0.6723,1.4142,-0.4209,0.0822,0.7149,1.7903,Area abu-abu
Asuransi Umum,105,PT Asuransi Takaful Umum,2022,2.54,0.21,0.63,2.36,0.1,0.03,0.11,0.95,2,0.025,3,0,3,3,0,0,294328000000,0.6435,1.0073,-0.2017,0.2406,0.4442,1.4904,Area abu-abu
Asuransi Umum,105,PT Asuransi Takaful Umum,2023,2.75,0.16,0.72,2.88,0.11,0.03,0.12,0.95,2,0.025,3,0,3,3,0,0,360413000000,0.0956,0.9836,-0.1012,0.2680,0.3647,1.5152,Area abu-abu
Asuransi Umum,105,PT Asuransi Takaful Umum,2024,2.28,0.19,0.63,2.39,0.05,0.01,0.04,0.95,2,0.0952,3,0,3,3,0,0,365145000000,-0.0398,0.5977,-0.0631,0.1022,0.439,1.0758,Potensi Bangkrut
Asuransi Umum,106,PT Asuransi Tokio Marine Indonesia,2015,3.22,0.1,0.74,2.8,0.3,0.06,0.22,0.6,0,0.0,4,0,4,4,0,0,2895488000000,0.1484,2.5801,0.4116,0.4626,0.3748,3.8292,Perusahaan Sehat
Asuransi Umum,106,PT Asuransi Tokio Marine Indonesia,2016,2.45,0.13,0.79,2.34,0.17,0.04,0.12,0.6,0,0.0,4,0,4,4,0,0,2337953000000,0.0219,2.3839,0.5441,0.3176,0.4493,3.6949,Perusahaan Sehat
Asuransi Umum,106,PT Asuransi Tokio Marine Indonesia,2017,1.57,0.05,0.67,1.99,0.2,0.05,0.15,0.6,0,0.0,4,0,4,4,0,0,2337953000000,0.0753,0.9923,0.511,0.4044,0.5289,2.4365,Area abu-abu
Asuransi Umum,106,PT Asuransi Tokio Marine Indonesia,2018,2.95,0.1,0.71,2.45,0.19,0.04,0.15,0.6,2,0.0,4,0,4,3,0,0,2952776000000,0.1484,1.9353,0.535,0.3522,0.4294,3.252,Perusahaan Sehat
Asuransi Umum,106,PT Asuransi Tokio Marine Indonesia,2019,3.41,0.1,0.71,2.45,0.2,0.05,0.16,0.6,2,0.0,4,0,4,5,0,0,3421606000000,0.1557,1.9734,0.5708,0.3795,0.4288,3.3525,Perusahaan Sehat
Asuransi Umum,106,PT Asuransi Tokio Marine Indonesia,2020,3.48,0.1,0.7,2.39,0.23,0.05,0.16,0.6,1,0.0,3,0,3,5,0,0,3929286000000,0.0555,2.0932,0.6089,0.4169,0.4396,3.5586,Perusahaan Sehat
Asuransi Umum,106,PT Asuransi Tokio Marine Indonesia,2021,4.38,0.1,0.7,2.31,0.24,0.05,0.17,0.6,2,0.0,4,0,4,4,0,0,4358974000000,0.1453,2.5595,0.6724,0.4111,0.4553,4.0983,Perusahaan Sehat
Asuransi Umum,106,PT Asuransi Tokio Marine Indonesia,2022,3.39,0.1,0.69,2.18,0.25,0.06,0.18,0.6,2,0.0,4,0,4,4,0,0,4638732000000,0.1041,2.1251,0.7585,0.4513,0.4807,3.8156,Perusahaan Sehat
Asuransi Umum,106,PT Asuransi Tokio Marine Indonesia,2023,4.95,0.06,0.75,3.06,0.23,0.04,0.16,0.8,2,0.0,4,0,4,4,0,0,5986249000000,-0.0179,2.869,0.6002,0.3198,0.3431,4.1321,Perusahaan Sehat
Asuransi Umum,106,PT Asuransi Tokio Marine Indonesia,2024,3.59,0.04,0.71,2.44,0.27,0.06,0.19,0.8,2,0.0,4,0,4,4,0,0,5352761000000,0.0498,2.4424,0.7345,0.4401,0.4308,4.0478,Perusahaan Sehat
Asuransi Umum,107,PT Asuransi Total Bersama,2019,1.6,0.13,0.54,1.18,-0.25,-0.02,-0.04,0.47,2,0.0775,4,0,4,3,0,0,421963000000,0.0,0.4894,-0.057,-0.1723,0.8863,1.1464,Area abu-abu
Asuransi Umum,107,PT Asuransi Total Bersama,2020,1.58,0.1,0.64,1.76,0.11,0.03,0.07,0.47,2,0.0775,4,0,4,3,0,0,574266000000,3.651,0.5246,0.0304,0.0989,0.5968,1.2508,Area abu-abu
Asuransi Umum,107,PT Asuransi Total Bersama,2021,2.9,0.11,0.69,2.27,0.09,0.03,0.09,0.37,2,0.0775,4,0,4,3,0,0,744732000000,0.6598,1.5205,0.1093,0.2170,0.4617,2.3085,Area abu-abu
Asuransi Umum,107,PT Asuransi Total Bersama,2022,1.82,0.25,0.73,2.66,0.07,0.03,0.09,0.37,2,0.0775,4,0,4,3,0,0,918561000000,0.4351,0.5823,0.1872,0.2210,0.3951,1.3856,Area abu-abu
Asuransi Umum,107,PT Asuransi Total Bersama,2023,2.54,0.39,0.71,2.43,0.17,0.06,0.21,0.37,2,0.0775,4,0,4,3,0,0,1085789000000,0.208,0.6603,0.3606,0.4473,0.4319,1.9001,Area abu-abu
Asuransi Umum,107,PT Asuransi Total Bersama,2024,2.43,0.32,0.69,2.27,0.17,0.06,0.19,0.37,2,0.0775,3,0,3,3,0,0,1280162000000,0.1443,0.5667,0.5123,0.4627,0.4627,2.0044,Area abu-abu
Asuransi Umum,108,PT Asuransi Tri Pakarta,2015,5.8,0.31,0.69,2.39,0.4,0.1,0.34,0.66,2,0.0,4,0,4,4,0,0,1342781000000,0.0097,2.7987,0.599,0.0846,0.4394,3.9217,Perusahaan Sehat
Asuransi Umum,108,PT Asuransi Tri Pakarta,2016,3.78,0.23,0.68,2.15,0.09,0.02,0.06,0.66,1,0.0,3,0,3,4,0,0,1316613000000,-0.0992,2.5093,0.6628,0.2045,0.4873,3.8638,Perusahaan Sehat
Asuransi Umum,108,PT Asuransi Tri Pakarta,2017,2.72,0.06,0.7,2.32,0.12,0.02,0.08,0.0,0,0.0,0,0,0,0,0,0,1393354000000,-0.0471,2.0731,0.4844,0.1963,0.4525,3.2063,Perusahaan Sehat
Asuransi Umum,108,PT Asuransi Tri Pakarta,2018,3.3,0.0,0.75,3.02,0.12,0.02,0.08,0.63,3,0.0,4,0,4,4,0,0,1768434000000,0.0664,2.4521,0.4202,0.1792,0.3481,3.3997,Perusahaan Sehat
Asuransi Umum,108,PT Asuransi Tri Pakarta,2019,2.1,0.09,0.72,2.62,0.15,0.03,0.1,0.0,0,0.0,0,0,0,0,0,0,1704845000000,0.0573,1.5072,0.4756,0.1890,0.4012,2.573,Area abu-abu
Asuransi Umum,108,PT Asuransi Tri Pakarta,2020,2.18,0.1,0.74,2.84,0.12,0.02,0.07,0.63,3,0.0,4,0,4,4,0,0,1867407000000,-0.0738,1.4587,0.4525,0.1286,0.3698,2.4096,Area abu-abu
Asuransi Umum,108,PT Asuransi Tri Pakarta,2021,3.47,0.1,0.78,3.47,0.15,0.02,0.11,0.63,2,0.0,3,0,3,4,0,0,2331114000000,0.2732,2.3062,0.4203,0.2205,0.303,3.25,Perusahaan Sehat
Asuransi Umum,108,PT Asuransi Tri Pakarta,2022,2.9,0.1,0.8,3.97,0.19,0.03,0.14,0.63,2,0.0,3,0,3,4,0,0,2797976000000,0.061,2.0222,0.4063,0.2439,0.2642,2.9366,Perusahaan Sehat
Asuransi Umum,108,PT Asuransi Tri Pakarta,2023,3.93,0.38,0.82,4.55,0.22,0.03,0.18,0.63,2,0.0,3,0,3,4,0,0,3492067000000,0.3216,2.5611,0.378,0.2382,0.2309,3.4082,Perusahaan Sehat
Asuransi Umum,108,PT Asuransi Tri Pakarta,2024,4.2,0.4,0.82,4.61,0.15,0.03,0.17,0.63,2,0.0,3,0,3,4,0,0,3901353000000,0.4705,2.529,0.4006,0.2583,0.228,3.4158,Perusahaan Sehat
Asuransi Umum,109,PT Asuransi Tugu Pratama Indonesia Tbk,2015,3.89,0.02,0.64,1.8,0.15,0.05,0.14,0.95,2,0.0,5,21,5,4,21,11,9091174000000,-0.5239,2.9391,0.8152,0.1352,0.6013,4.4908,Perusahaan Sehat
Asuransi Umum,109,PT Asuransi Tugu Pratama Indonesia Tbk,2016,3.12,0.0,0.67,2.04,0.14,0.05,0.14,0.95,2,0.0,5,16,5,4,16,11,8872768000000,0.3142,2.9513,0.8931,0.1573,0.6509,4.6526,Perusahaan Sehat
Asuransi Umum,109,PT Asuransi Tugu Pratama Indonesia Tbk,2017,2.62,0.11,0.54,1.2,0.41,0.03,0.08,0.95,3,0.0,6,22,6,5,22,9,8165389000000,0.7995,1.8069,1.0693,0.2903,0.8754,4.0419,Perusahaan Sehat
Asuransi Umum,109,PT Asuransi Tugu Pratama Indonesia Tbk,2018,2.73,0.04,0.55,1.24,0.29,0.02,0.05,0.59,3,0.0,6,17,6,5,17,9,10452506000000,0.1477,1.9629,1.1095,0.1871,0.8471,4.1065,Perusahaan Sehat
Asuransi Umum,109,PT Asuransi Tugu Pratama Indonesia Tbk,2019,4.55,0.09,0.61,1.56,0.4,0.03,0.07,0.59,3,0.0,6,22,6,4,22,8,12848766000000,0.0822,3.4115,0.9828,0.2338,0.6744,5.3025,Perusahaan Sehat
Asuransi Umum,109,PT Asuransi Tugu Pratama Indonesia Tbk,2020,3.54,0.12,0.58,1.37,0.34,0.02,0.05,0.59,3,0.0,6,24,6,6,24,12,12366469000000,-0.1659,2.4761,1.0534,0.1666,0.7666,4.4627,Perusahaan Sehat
Asuransi Umum,109,PT Asuransi Tugu Pratama Indonesia Tbk,2021,3.17,0.16,0.58,1.4,0.27,0.02,0.05,0.59,3,0.0,6,24,6,6,24,12,12838271000000,0.2445,2.4853,1.0508,0.1507,0.7479,4.4346,Perusahaan Sehat
Asuransi Umum,109,PT Asuransi Tugu Pratama Indonesia Tbk,2022,3.42,0.16,0.58,1.38,0.38,0.03,0.07,0.59,3,0.0,5,19,5,5,19,11,13358610000000,0.1816,2.557,1.076,0.2508,0.7587,4.6425,Perusahaan Sehat
Asuransi Umum,109,PT Asuransi Tugu Pratama Indonesia Tbk,2023,2.6,0.09,0.58,1.41,1.07,0.08,0.19,0.59,3,0.0,5,16,5,5,16,9,16003743000000,0.0913,2.0115,1.1033,0.6560,0.7469,4.5177,Perusahaan Sehat
Asuransi Umum,109,PT Asuransi Tugu Pratama Indonesia Tbk,2024,3.17,0.06,0.63,1.73,0.47,0.04,0.11,0.59,3,0.0,5,16,5,5,16,9,15761233000000,0.2083,2.4007,1.1634,0.3424,0.6061,4.5126,Perusahaan Sehat
Asuransi Umum,110,PT Asuransi Umum BCA,2015,0.44,0.0,0.0,0.0,0.0,0.0,0.0,0.0,0,0.0,0,0,0,0,0,0,898627000000,0.0,-1.2202,0.4566,0.3404,0.5842,0.1609,Potensi Bangkrut
Asuransi Umum,110,PT Asuransi Umum BCA,2016,0.44,0.0,0.0,0.0,0.0,0.0,0.0,0.75,2,0.0,4,8,4,4,8,10,1133794000000,0.0,-1.2786,0.5239,0.3643,0.5155,0.1251,Potensi Bangkrut
Asuransi Umum,110,PT Asuransi Umum BCA,2017,0.38,0.01,0.69,2.21,0.14,0.05,0.16,0.75,2,0.0,4,8,4,4,8,10,1430475000000,0.0,-1.4632,0.5592,0.3293,0.4746,-0.1001,Potensi Bangkrut
Asuransi Umum,110,PT Asuransi Umum BCA,2018,0.48,0.02,0.7,2.36,0.13,0.05,0.15,0.75,2,0.0,4,8,4,4,8,10,1765350000000,0.183,-1.1786,0.6142,0.3799,0.4448,0.2604,Potensi Bangkrut
Asuransi Umum,110,PT Asuransi Umum BCA,2019,0.57,0.01,0.68,2.1,0.19,0.07,0.21,0.75,2,0.0,4,8,4,5,8,13,2060362000000,0.1872,-0.895,0.7217,0.4708,0.4995,0.797,Potensi Bangkrut
Asuransi Umum,110,PT Asuransi Umum BCA,2020,0.77,0.03,0.62,1.65,0.21,0.06,0.17,0.75,2,0.0,4,8,4,5,8,13,2127340000000,-0.0758,-0.3522,0.8883,0.4688,0.6355,1.6403,Area abu-abu
Asuransi Umum,110,PT Asuransi Umum BCA,2021,1.21,0.02,0.6,1.48,0.2,0.05,0.14,0.75,2,0.0,4,8,4,5,8,13,2305472000000,-0.0605,0.2974,1.0093,0.4517,0.7083,2.4667,Area abu-abu
Asuransi Umum,110,PT Asuransi Umum BCA,2022,0.57,0.03,0.56,1.29,0.2,0.06,0.13,0.75,3,0.0,5,11,5,4,11,10,2431927000000,0.0621,-0.6465,1.1568,0.4854,0.8168,1.8125,Area abu-abu
Asuransi Umum,110,PT Asuransi Umum BCA,2023,0.83,0.05,0.59,1.42,0.23,0.06,0.14,0.75,2,0.0,4,8,4,4,8,10,3005651000000,0.1753,-0.2668,1.1288,0.4757,0.7418,2.0795,Area abu-abu
Asuransi Umum,110,PT Asuransi Umum BCA,2024,0.65,0.01,0.59,1.46,0.23,0.06,0.16,0.75,2,0.0,4,8,4,5,8,13,3382556000000,0.1958,-0.6024,1.1357,0.5269,0.721,1.7812,Area abu-abu
Asuransi Umum,111,PT Asuransi Umum Bumiputera Muda 1967,2015,3.74,0.2,0.66,2.22,0.05,0.02,0.06,0.99,2,0.0,3,9,3,4,9,12,655205000000,0.0,1.7212,0.1038,0.0759,0.4721,2.373,Area abu-abu
Asuransi Umum,111,PT Asuransi Umum Bumiputera Muda 1967,2016,3.89,0.34,0.61,1.74,0.2,0.07,0.21,0.99,2,0.0,3,9,3,4,9,12,719020000000,-0.071,1.461,0.0762,0.0219,0.6029,2.1621,Area abu-abu
Asuransi Umum,111,PT Asuransi Umum Bumiputera Muda 1967,2017,2.1,0.25,0.63,1.86,0.04,0.02,0.04,1.0,2,0.0,2,6,2,4,6,12,736964000000,0.0439,1.113,0.325,0.0635,0.5652,2.0667,Area abu-abu
Asuransi Umum,111,PT Asuransi Umum Bumiputera Muda 1967,2018,3.02,0.25,0.67,2.21,0.04,0.01,0.04,1.0,2,0.0,3,9,3,4,9,12,845010000000,-0.0411,1.5265,0.3245,0.1272,0.4742,2.4524,Area abu-abu
Asuransi Umum,111,PT Asuransi Umum Bumiputera Muda 1967,2019,2.88,0.36,0.61,1.65,0.1,0.04,0.1,1.0,2,0.0,3,5,3,4,5,12,744475000000,0.0161,1.6047,0.3932,0.1751,0.6361,2.8091,Perusahaan Sehat
Asuransi Umum,111,PT Asuransi Umum Bumiputera Muda 1967,2020,1.36,0.32,0.6,1.58,0.11,0.03,0.08,1.0,1,0.0,3,5,3,3,5,7,709777000000,-0.1775,0.3169,0.3635,0.1803,0.6626,1.5233,Area abu-abu
Asuransi Umum,111,PT Asuransi Umum Bumiputera Muda 1967,2021,1.59,0.31,0.59,1.52,0.11,0.04,0.09,1.0,1,0.0,2,4,2,3,4,7,733503000000,0.1417,0.4784,0.4147,0.1952,0.6921,1.7804,Area abu-abu
Asuransi Umum,111,PT Asuransi Umum Bumiputera Muda 1967,2022,1.73,0.31,0.6,1.55,0.17,0.06,0.14,1.0,2,0.0,3,7,3,3,7,9,804217000000,0.098,0.5603,0.4118,0.2608,0.6792,1.9122,Area abu-abu
Asuransi Umum,111,PT Asuransi Umum Bumiputera Muda 1967,2023,1.11,0.39,0.61,1.56,0.13,0.05,0.13,1.0,2,0.0,3,7,3,3,7,9,824850000000,0.2048,0.1252,0.4281,0.3579,0.671,1.5822,Area abu-abu
Asuransi Umum,111,PT Asuransi Umum Bumiputera Muda 1967,2024,1.44,0.49,0.61,1.55,0.13,0.06,0.16,1.0,1,0.0,3,15,3,4,15,10,817749000000,0.1983,0.4427,0.4334,0.4413,0.6777,1.9952,Area abu-abu
Asuransi Umum,112,PT Asuransi Umum Mega,2015,1.24,0.0,0.61,1.59,0.18,0.09,0.22,0.0,0,0.0,0,0,0,0,0,0,906989000000,0.0,0.4545,1.0415,0.7284,0.659,2.8835,Perusahaan Sehat
Asuransi Umum,112,PT Asuransi Umum Mega,2016,1.98,0.0,0.66,1.91,0.21,0.09,0.25,1.0,2,0.0,3,0,3,4,0,0,886222000000,-0.1669,1.4638,0.8988,0.6710,0.5492,3.5827,Perusahaan Sehat
Asuransi Umum,112,PT Asuransi Umum Mega,2017,2.6,0.11,0.65,1.87,0.18,0.07,0.2,1.0,2,0.0,3,0,3,4,0,0,910239000000,-0.03,2.5115,0.3076,0.5554,0.5607,3.9351,Perusahaan Sehat
Asuransi Umum,112,PT Asuransi Umum Mega,2018,2.35,0.07,0.71,2.4,0.91,0.31,1.06,1.0,2,0.0,3,0,3,4,0,0,1068562000000,0.0603,1.7926,0.2564,0.2576,0.4378,2.7444,Perusahaan Sehat
Asuransi Umum,112,PT Asuransi Umum Mega,2019,4.56,0.13,0.67,1.99,0.17,0.05,0.15,1.0,2,0.0,3,0,3,2,0,0,1098507000000,-0.1694,2.5493,0.4044,0.3373,0.5274,3.8184,Perusahaan Sehat
Asuransi Umum,112,PT Asuransi Umum Mega,2020,4.22,0.18,0.57,1.35,0.15,0.03,0.08,1.0,2,0.0,3,0,3,4,0,0,939785000000,-0.3038,2.5777,0.5857,0.3024,0.7775,4.2433,Perusahaan Sehat
Asuransi Umum,112,PT Asuransi Umum Mega,2021,3.65,0.13,0.59,1.46,0.11,0.03,0.07,1.0,2,0.0,3,0,3,4,0,0,1057639000000,0.3555,2.3566,0.62,0.2465,0.721,3.9441,Perusahaan Sehat
Asuransi Umum,112,PT Asuransi Umum Mega,2022,1.88,0.04,0.62,1.67,0.16,0.05,0.14,1.0,2,0.0,3,0,3,4,0,0,1338220000000,0.5631,1.3045,0.6499,0.3951,0.6305,2.9801,Perusahaan Sehat
Asuransi Umum,112,PT Asuransi Umum Mega,2023,1.65,0.03,0.64,1.81,0.08,0.05,0.14,1.0,2,0.0,3,0,3,3,0,0,1759417000000,1.375,1.1943,0.7098,0.3935,0.581,2.8785,Perusahaan Sehat
Asuransi Umum,112,PT Asuransi Umum Mega,2024,2.01,0.03,0.6,1.5,0.12,0.06,0.14,1.0,2,0.0,3,10,3,3,10,7,1793696000000,-0.2305,1.4771,0.882,0.4568,0.7019,3.5178,Perusahaan Sehat
Asuransi Umum,113,PT Asuransi Umum Seainsure,2018,7.32,0.64,0.64,1.79,0.16,0.03,0.08,0.0,0,0.0,0,0,0,0,0,0,378337000000,0.0,3.0914,0.6339,0.2281,0.5869,4.5403,Perusahaan Sehat
Asuransi Umum,113,PT Asuransi Umum Seainsure,2019,9.83,0.51,0.7,2.34,0.03,0.0,0.01,0.93,2,0.05,4,0,4,3,0,0,460747000000,0.0484,3.6756,0.5307,-0.0016,0.4489,4.6537,Perusahaan Sehat
Asuransi Umum,113,PT Asuransi Umum Seainsure,2020,15.23,0.83,0.67,2.06,0.02,0.0,0.01,0.93,2,0.05,4,0,4,3,0,0,422492000000,-0.1173,3.5435,0.0474,0.0093,0.5096,4.1099,Perusahaan Sehat
Asuransi Umum,113,PT Asuransi Umum Seainsure,2021,13.51,0.91,0.66,1.94,-0.68,-0.07,-0.21,0.95,2,0.05,4,0,4,2,0,0,336360000000,-0.4322,3.1693,-0.1104,-0.5437,0.5406,3.0558,Perusahaan Sehat
Asuransi Umum,113,PT Asuransi Umum Seainsure,2022,14.35,6.08,0.34,0.84,-3.65,-0.1,-0.24,1.0,1,0.0,3,0,3,3,0,0,386436000000,-0.7024,2.4089,-0.3479,-0.5004,1.2494,2.8099,Perusahaan Sehat
Asuransi Umum,113,PT Asuransi Umum Seainsure,2023,5.02,1.16,0.61,1.57,-0.43,-0.07,-0.19,1.0,2,0.0,3,0,3,3,0,0,336366000000,4.4553,2.4546,-0.6431,-0.5017,0.6698,1.9795,Area abu-abu
Asuransi Umum,113,PT Asuransi Umum Seainsure,2024,1.66,0.46,1.5,1.82,0.37,0.46,0.56,1.0,2,0.0,3,0,3,3,0,0,361307000000,6.9279,2.3623,0.8953,3.3897,0.5764,7.2236,Perusahaan Sehat
Asuransi Umum,114,PT Asuransi Umum Videi,2015,1.8,0.26,0.27,0.38,0.31,0.08,0.12,0.54,2,0.23,3,5,3,3,5,5,159252900000,0.219,0.6832,0.8936,0.7053,2.7859,5.0681,Perusahaan Sehat
Asuransi Umum,114,PT Asuransi Umum Videi,2016,1.99,0.28,0.26,0.35,0.18,0.05,0.07,0.54,2,0.23,3,5,3,2,5,2,161493870000,0.0951,0.7981,0.9082,0.4448,3.0432,5.1943,Perusahaan Sehat
Asuransi Umum,114,PT Asuransi Umum Videi,2017,1.93,0.19,0.23,0.3,0.12,0.04,0.05,0.54,2,0.23,3,5,3,4,5,4,161558950000,-0.0283,0.8039,0.9654,0.2761,3.4817,5.5272,Perusahaan Sehat
Asuransi Umum,114,PT Asuransi Umum Videi,2018,2.31,0.31,0.23,0.3,0.07,0.02,0.03,0.54,2,0.23,3,5,3,3,5,3,163247530000,0.011,1.0602,0.9833,0.1627,3.547,5.7532,Perusahaan Sehat
Asuransi Umum,114,PT Asuransi Umum Videi,2019,1.61,0.12,0.31,0.45,0.09,0.03,0.04,0.54,2,0.23,4,6,4,4,6,8,190280030000,0.2209,0.8067,0.9326,0.2166,2.3179,4.2739,Perusahaan Sehat
Asuransi Umum,114,PT Asuransi Umum Videi,2020,1.58,0.08,0.33,0.49,0.05,0.01,0.02,0.54,2,0.23,4,6,4,4,6,8,199137730000,-0.2207,0.8403,0.941,0.1548,2.13,4.0661,Perusahaan Sehat
Asuransi Umum,114,PT Asuransi Umum Videi,2021,2.11,0.11,0.37,0.59,0.08,0.02,0.03,0.54,2,0.0,4,6,4,2,6,4,218288880000,0.0959,1.3432,0.9214,0.1614,1.7876,4.2137,Perusahaan Sehat
Asuransi Umum,114,PT Asuransi Umum Videi,2022,2.31,0.11,0.38,0.6,0.05,0.01,0.02,0.54,1,0.0,3,5,3,3,5,5,224731410000,0.0052,1.6666,0.9252,0.0995,1.7392,4.4305,Perusahaan Sehat
Asuransi Umum,114,PT Asuransi Umum Videi,2023,2.61,0.11,0.4,0.66,0.07,0.02,0.04,0.54,1,0.0,3,5,3,3,5,5,241455130000,0.441,1.7145,0.9182,0.1721,1.588,4.3928,Perusahaan Sehat
Asuransi Umum,114,PT Asuransi Umum Videi,2024,1.71,0.13,0.41,0.68,-0.25,-0.07,-0.11,0.54,2,0.0,4,8,4,4,8,6,218925830000,-0.1785,1.0068,0.7849,-0.4501,1.5365,2.878,Perusahaan Sehat
Asuransi Umum,115,PT Asuransi Untuk Semua,2022,46.46,45.21,0.01,0.01,0.0,-0.04,-0.04,0.42,2,0.4231,3,0,3,3,0,0,151070430000,0.0,2.0319,-0.1286,-0.2232,153.0646,154.7446,Perusahaan Sehat
Asuransi Umum,115,PT Asuransi Untuk Semua,2023,1.79,1.06,0.08,0.09,-8.15,-0.14,-0.16,0.42,2,0.4231,3,0,3,3,0,0,141458760000,0.0,0.278,-0.603,-0.9599,11.4932,10.2082,Perusahaan Sehat
Asuransi Umum,115,PT Asuransi Untuk Semua,2024,1.0,0.15,0.35,0.54,-1.35,-0.16,-0.25,0.42,2,0.4231,4,0,4,3,0,0,160317650000,6.5733,-0.0001,-1.0283,-1.0229,1.9367,-0.1146,Potensi Bangkrut
Asuransi Umum,116,PT Asuransi Wahana Tata,2015,2.38,0.07,0.72,2.52,0.14,0.04,0.14,0.73,2,0.25,4,0,4,6,0,0,3020355000000,-0.1123,2.3133,0.5836,0.2172,0.4172,3.5314,Perusahaan Sehat
Asuransi Umum,116,PT Asuransi Wahana Tata,2016,2.89,0.09,0.7,2.35,0.11,0.03,0.1,0.73,2,0.25,4,0,4,6,0,0,3142807000000,0.0227,2.1868,0.5953,0.1429,0.4463,3.3714,Perusahaan Sehat
Asuransi Umum,116,PT Asuransi Wahana Tata,2017,4.36,0.14,0.69,2.28,0.09,0.02,0.08,0.73,2,0.25,4,0,4,6,0,0,3282298000000,0.019,2.7587,0.6182,0.1579,0.4613,3.9961,Perusahaan Sehat
Asuransi Umum,116,PT Asuransi Wahana Tata,2018,4.46,0.1,0.72,2.61,0.01,0.0,0.01,0.73,2,0.25,4,0,4,6,0,0,3605680000000,0.0316,2.8162,0.6127,0.1695,0.4021,4.0004,Perusahaan Sehat
Asuransi Umum,116,PT Asuransi Wahana Tata,2019,5.03,0.1,0.7,2.38,0.21,0.04,0.14,0.73,2,0.25,4,0,4,6,0,0,3868218000000,-0.1151,2.9359,0.6551,0.2519,0.4413,4.2841,Perusahaan Sehat
Asuransi Umum,116,PT Asuransi Wahana Tata,2020,4.04,0.09,0.71,2.41,0.16,0.03,0.1,0.73,2,0.25,4,0,4,6,0,0,4233124000000,-0.0246,2.8945,0.69,0.2185,0.4353,4.2382,Perusahaan Sehat
Asuransi Umum,116,PT Asuransi Wahana Tata,2021,3.83,0.07,0.69,2.25,0.14,0.03,0.09,0.73,2,0.25,4,0,4,6,0,0,4261374000000,0.0623,2.7459,0.7128,0.2442,0.4658,4.1686,Perusahaan Sehat
Asuransi Umum,116,PT Asuransi Wahana Tata,2022,3.32,0.05,0.7,2.28,0.11,0.02,0.08,0.73,2,0.25,4,0,4,6,0,0,4365214000000,0.1517,2.3292,0.7268,0.2762,0.4599,3.7922,Perusahaan Sehat
Asuransi Umum,116,PT Asuransi Wahana Tata,2023,2.87,0.05,0.7,2.31,0.24,0.05,0.16,0.73,2,0.25,4,0,4,6,0,0,5010127000000,0.0455,2.1873,0.7298,0.3364,0.4543,3.7077,Perusahaan Sehat
Asuransi Umum,116,PT Asuransi Wahana Tata,2024,2.58,0.04,0.7,2.36,0.17,0.03,0.11,0.73,2,0.25,4,0,4,6,0,0,5226747000000,-0.0091,2.0692,0.7257,0.3722,0.4447,3.6119,Perusahaan Sehat
Asuransi Umum,117,PT Avrist General Insurance,2015,3.91,0.98,0.42,0.72,0.1,0.03,0.05,1.0,1,0.0,2,0,2,3,0,0,196838000000,0.4759,1.8304,-0.2271,0.2591,1.4621,3.3244,Perusahaan Sehat
Asuransi Umum,117,PT Avrist General Insurance,2016,3.22,0.81,0.42,0.72,0.13,0.04,0.07,1.0,2,0.0,3,0,3,3,0,0,212248000000,0.1321,1.6357,-0.0802,0.3247,1.4528,3.3329,Perusahaan Sehat
Asuransi Umum,117,PT Avrist General Insurance,2017,3.08,0.79,0.48,0.92,0.06,0.02,0.03,1.0,2,0.0,3,0,3,3,0,0,246935000000,0.0227,1.5482,-0.0186,0.1016,1.1413,2.7725,Perusahaan Sehat
Asuransi Umum,117,PT Avrist General Insurance,2018,3.17,0.74,0.5,1.0,0.13,0.04,0.08,1.0,2,0.0,3,0,3,3,0,0,275638000000,0.2809,1.6886,0.1191,0.2182,1.0477,3.0737,Perusahaan Sehat
Asuransi Umum,117,PT Avrist General Insurance,2019,4.31,0.44,0.65,1.88,0.09,0.02,0.07,1.0,2,0.0,3,0,3,3,0,0,430332000000,0.3027,2.6367,0.1469,0.1837,0.5571,3.5243,Perusahaan Sehat
Asuransi Umum,117,PT Avrist General Insurance,2020,3.2,0.32,0.62,1.66,0.06,0.02,0.05,1.0,2,0.0,3,0,3,3,0,0,432693000000,0.1818,2.1227,0.2066,0.1887,0.6337,3.1518,Perusahaan Sehat
Asuransi Umum,117,PT Avrist General Insurance,2021,4.98,0.2,0.6,1.53,0.16,0.05,0.12,1.0,2,0.0,3,0,3,3,0,0,469764000000,0.0426,4.0103,0.3445,0.3525,0.6878,5.3952,Perusahaan Sehat
Asuransi Umum,117,PT Avrist General Insurance,2022,2.89,0.29,0.59,1.46,0.13,0.04,0.09,1.0,2,0.0,3,0,3,3,0,0,486808000000,0.0398,1.7818,0.4593,0.3330,0.719,3.2932,Perusahaan Sehat
Asuransi Umum,117,PT Avrist General Insurance,2023,3.28,0.32,0.62,1.66,0.1,0.03,0.08,1.0,2,0.0,4,0,4,3,0,0,566834000000,0.0886,2.1369,0.3622,0.2523,0.6324,3.3838,Perusahaan Sehat
Asuransi Umum,117,PT Avrist General Insurance,2024,3.27,0.18,0.74,2.79,0.01,0.0,0.01,1.0,2,0.0,3,0,3,3,0,0,810868000000,0.2964,2.7402,0.2603,0.0252,0.3759,3.4017,Perusahaan Sehat
Asuransi Umum,118,PT AXA Insurance Indonesia,2018,1.01,0.13,0.8,3.92,-0.05,-0.01,-0.06,0.0,0,0.0,0,0,0,0,0,0,2759490493000,0.0,0.0061,0.0454,-0.0305,0.2676,0.2886,Potensi Bangkrut
Asuransi Umum,118,PT AXA Insurance Indonesia,2019,0.99,0.15,0.79,3.77,-0.1,-0.02,-0.09,0.8,2,0.0,4,0,4,3,0,0,2404841887000,-0.3424,-0.0127,0.0206,-0.1909,0.2788,0.0958,Potensi Bangkrut
Asuransi Umum,118,PT AXA Insurance Indonesia,2020,0.96,0.19,0.84,5.38,0.18,0.03,0.21,0.8,2,0.0,4,0,4,5,0,0,2701070570000,0.1066,-0.0409,-0.1267,-0.1243,0.1952,-0.0967,Potensi Bangkrut
Asuransi Umum,118,PT AXA Insurance Indonesia,2021,0.98,0.16,0.84,5.17,-0.03,-0.01,-0.04,0.8,2,0.0,4,8,4,5,8,9,2509362304000,-0.0399,-0.0237,-0.1557,-0.1293,0.203,-0.1056,Potensi Bangkrut
Asuransi Umum,118,PT AXA Insurance Indonesia,2022,0.84,0.22,0.85,5.5,0.01,0.0,0.02,0.8,2,0.0,4,8,4,3,8,7,2534662345000,0.185,-0.1307,-0.1463,0.0090,0.1909,-0.0771,Potensi Bangkrut
Asuransi Umum,118,PT AXA Insurance Indonesia,2023,0.86,0.13,0.84,5.34,0.02,0.0,0.03,0.8,2,0.0,3,5,3,3,5,7,2567838757000,0.005,-0.1051,-0.1312,0.0072,0.1967,-0.0324,Potensi Bangkrut
Asuransi Umum,118,PT AXA Insurance Indonesia,2024,0.82,0.09,0.86,8.44,-0.06,-0.02,-0.15,0.8,2,0.0,4,10,4,4,10,8,2544622608000,0.0925,-0.1888,-0.1826,0.0249,0.1244,-0.2221,Potensi Bangkrut
Asuransi Umum,119,PT Bosowa Asuransi,2015,6.88,1.32,0.62,1.63,-0.09,-0.03,-0.09,0.0,0,0.0,0,0,0,0,0,0,277472000000,0.0,2.4841,0.3196,0.1651,0.6448,3.6136,Perusahaan Sehat
Asuransi Umum,119,PT Bosowa Asuransi,2016,3.53,0.48,0.64,1.75,0.04,0.01,0.03,0.99,1,0.0,3,7,3,4,7,8,300402000000,-0.1364,2.013,0.3214,0.0896,0.5984,3.0223,Perusahaan Sehat
Asuransi Umum,119,PT Bosowa Asuransi,2017,3.99,0.22,0.61,1.56,0.07,0.02,0.04,0.99,1,0.0,1,2,1,4,2,6,291577000000,-0.2115,2.2299,0.3718,0.1315,0.6742,3.4073,Perusahaan Sehat
Asuransi Umum,119,PT Bosowa Asuransi,2018,4.31,0.36,0.67,2.06,0.07,0.02,0.05,0.99,2,0.0,3,5,3,4,5,8,353211000000,0.3079,2.5065,0.367,0.1730,0.509,3.5555,Perusahaan Sehat
Asuransi Umum,119,PT Bosowa Asuransi,2019,6.17,0.55,0.68,2.14,0.17,0.03,0.09,0.99,2,0.0,3,5,3,5,5,9,399341000000,-0.2197,3.2741,0.4222,0.2208,0.4912,4.4083,Perusahaan Sehat
Asuransi Umum,119,PT Bosowa Asuransi,2020,4.47,0.73,0.67,2.02,0.13,0.02,0.07,0.99,2,0.0,3,5,3,4,5,8,439686000000,0.1628,3.0376,0.1545,0.1976,0.5202,3.9098,Perusahaan Sehat
Asuransi Umum,119,PT Bosowa Asuransi,2021,11.61,0.84,0.68,2.09,0.11,0.01,0.04,0.99,2,0.0,3,5,3,4,5,8,470433000000,-0.299,3.7831,0.1619,0.0860,0.5013,4.5323,Perusahaan Sehat
Asuransi Umum,119,PT Bosowa Asuransi,2022,4.15,0.76,0.67,1.99,0.0,0.0,0.0,0.99,1,0.0,3,3,3,3,3,5,455182000000,0.1492,1.5601,0.2074,0.0949,0.5271,2.3895,Area abu-abu
Asuransi Umum,119,PT Bosowa Asuransi,2023,4.71,0.42,0.72,2.57,0.04,0.01,0.02,0.99,2,0.0,4,6,4,3,6,5,526635000000,0.0455,3.3119,0.1989,0.0581,0.4081,3.977,Perusahaan Sehat
Asuransi Umum,120,PT BRI Asuransi Indonesia,2015,5.29,1.11,0.71,2.48,0.25,0.04,0.15,0.9,2,0.0,4,0,4,4,0,0,1733310000000,0.4234,3.7177,0.3658,0.4029,0.4228,4.9092,Perusahaan Sehat
Asuransi Umum,120,PT BRI Asuransi Indonesia,2016,4.6,0.15,0.73,2.66,0.28,0.05,0.19,0.9,2,0.0,4,0,4,5,0,0,2072228000000,0.2827,3.1594,0.4159,0.4435,0.3941,4.4129,Perusahaan Sehat
Asuransi Umum,120,PT BRI Asuransi Indonesia,2017,1.9,0.12,0.71,2.44,0.29,0.06,0.19,0.9,2,0.0,3,0,3,5,0,0,2177932000000,0.1551,1.8549,0.5019,0.4984,0.4301,3.2853,Perusahaan Sehat
Asuransi Umum,120,PT BRI Asuransi Indonesia,2018,2.34,0.15,0.7,2.3,0.28,0.06,0.2,0.9,2,0.0,3,0,3,5,0,0,2345549000000,0.1564,2.0767,0.5668,0.5536,0.4574,3.6545,Perusahaan Sehat
Asuransi Umum,120,PT BRI Asuransi Indonesia,2019,2.56,0.2,0.68,2.08,0.3,0.07,0.21,0.9,2,0.0,3,0,3,5,0,0,2592413000000,0.1747,1.7997,0.6807,0.6286,0.5043,3.6133,Perusahaan Sehat
Asuransi Umum,120,PT BRI Asuransi Indonesia,2020,2.91,0.16,0.66,1.93,0.27,0.07,0.2,0.9,2,0.0,3,0,3,5,0,0,2952533000000,0.2835,1.9968,0.781,0.6451,0.5439,3.9668,Perusahaan Sehat
Asuransi Umum,120,PT BRI Asuransi Indonesia,2021,2.64,0.25,0.66,1.96,0.32,0.08,0.23,0.9,2,0.0,3,0,3,5,0,0,3711223000000,0.2017,1.7547,0.8367,0.7121,0.5362,3.8396,Perusahaan Sehat
Asuransi Umum,120,PT BRI Asuransi Indonesia,2022,3.47,0.35,0.67,2.04,0.33,0.08,0.24,0.9,2,0.0,3,0,3,5,0,0,4715082000000,0.2464,1.9553,0.8628,0.7063,0.5159,4.0402,Perusahaan Sehat
Asuransi Umum,120,PT BRI Asuransi Indonesia,2023,4.02,0.48,0.69,2.21,0.35,0.08,0.25,0.9,1,0.0,2,0,2,4,0,0,6222550000000,0.216,2.4651,0.8542,0.6760,0.4741,4.4693,Perusahaan Sehat
Asuransi Umum,120,PT BRI Asuransi Indonesia,2024,4.22,0.58,0.66,1.95,0.43,0.09,0.28,0.9,3,0.0,4,0,4,5,0,0,7402327000000,0.1612,2.4431,0.97,0.8208,0.5372,4.7712,Perusahaan Sehat
Asuransi Umum,121,PT China Taiping Insurance Indonesia,2015,3.85,0.65,0.69,2.23,0.26,0.03,0.09,0.55,2,0.0,4,0,4,3,0,0,515144000000,0.3147,3.5993,0.3755,0.2212,0.4702,4.6662,Perusahaan Sehat
Asuransi Umum,121,PT China Taiping Insurance Indonesia,2016,2.96,0.35,0.78,3.47,0.08,0.01,0.03,0.55,2,0.0,4,0,4,3,0,0,711321000000,0.0772,3.5112,0.2711,0.0599,0.3027,4.1449,Perusahaan Sehat
Asuransi Umum,121,PT China Taiping Insurance Indonesia,2017,3.41,0.53,0.8,4.06,0.13,0.01,0.06,0.55,2,0.0,4,0,4,3,0,0,846759000000,0.2277,3.8047,0.2604,0.0972,0.2585,4.4208,Perusahaan Sehat
Asuransi Umum,121,PT China Taiping Insurance Indonesia,2018,0.95,0.26,0.82,4.49,0.18,0.02,0.1,0.55,2,0.0,4,0,4,2,0,0,997698000000,0.3577,-0.0851,0.2679,0.1482,0.234,0.565,Potensi Bangkrut
Asuransi Umum,121,PT China Taiping Insurance Indonesia,2019,3.52,0.27,0.84,5.34,0.15,0.02,0.1,0.55,2,0.0,4,0,4,3,0,0,1277790000000,0.3856,3.5719,0.2606,0.1356,0.1966,4.1647,Perusahaan Sehat
Asuransi Umum,121,PT China Taiping Insurance Indonesia,2020,4.18,0.35,0.86,6.16,0.16,0.02,0.12,0.55,2,0.0,4,0,4,3,0,0,1557316000000,0.1718,4.1208,0.2437,0.1614,0.1704,4.6963,Perusahaan Sehat
Asuransi Umum,121,PT China Taiping Insurance Indonesia,2021,4.79,0.4,0.84,5.21,0.2,0.02,0.12,0.55,2,0.0,4,0,4,3,0,0,1610433000000,-0.0369,4.2121,0.2777,0.1625,0.2014,4.8537,Perusahaan Sehat
Asuransi Umum,121,PT China Taiping Insurance Indonesia,2022,2.75,0.13,0.8,3.93,0.28,0.04,0.19,0.55,2,0.0,4,0,4,3,0,0,1483962000000,0.3307,2.8744,0.393,0.3189,0.267,3.8533,Perusahaan Sehat
Asuransi Umum,121,PT China Taiping Insurance Indonesia,2023,2.53,0.02,0.83,4.78,0.21,0.02,0.11,0.55,3,0.0,5,0,5,3,0,0,2239940000000,0.0674,2.9468,0.3141,0.1654,0.2198,3.6461,Perusahaan Sehat
Asuransi Umum,121,PT China Taiping Insurance Indonesia,2024,3.47,0.02,0.8,4.11,0.0,0.0,0.0,0.55,3,0.0,5,0,5,3,0,0,2280698000000,0.0626,3.3041,0.3918,0.2436,0.2553,4.1949,Perusahaan Sehat
Asuransi Umum,123,PT Citra International Underwriters,2019,2.97,0.03,0.67,2.07,0.01,0.0,0.0,1.0,2,0.0,3,0,3,2,0,0,348268361065,0.0,3.9822,0.3367,-0.0085,0.5068,4.8172,Perusahaan Sehat
Asuransi Umum,123,PT Citra International Underwriters,2020,1.97,0.03,0.71,2.4,0.01,0.0,0.0,1.0,2,0.0,3,0,3,3,0,0,394436443248,-0.1897,2.927,0.3031,-0.0110,0.4384,3.6576,Perusahaan Sehat
Asuransi Umum,123,PT Citra International Underwriters,2021,3.08,0.27,0.55,1.24,0.03,0.01,0.02,1.0,2,0.0,3,0,3,5,0,0,268539063091,0.9668,3.785,0.4733,-0.0280,0.8481,5.0784,Perusahaan Sehat
Asuransi Umum,123,PT Citra International Underwriters,2022,2.43,0.56,0.69,2.26,0.01,0.01,0.05,1.0,2,0.0,3,0,3,4,0,0,410446680382,3.8224,2.7577,0.3558,0.1672,0.464,3.7447,Perusahaan Sehat
Asuransi Umum,123,PT Citra International Underwriters,2023,3.53,1.02,0.66,1.97,0.21,0.18,0.53,1.0,1,0.0,2,0,2,3,0,0,862379828144,0.8721,3.797,0.7505,1.6011,0.5335,6.6821,Perusahaan Sehat
Asuransi Umum,123,PT Citra International Underwriters,2024,4.84,1.77,0.77,3.27,0.04,0.1,0.41,1.0,2,0.0,3,0,3,4,0,0,930448689416,1.6909,3.9213,0.4412,0.6888,0.3211,5.3724,Perusahaan Sehat
Asuransi Umum,124,PT Great Eastern General Insurance Indonesia,2015,7.34,1.58,0.77,3.26,0.05,0.03,0.11,0.55,3,0.0,6,20,6,3,20,3,921927252120,0.4106,3.0847,0.3987,0.1891,0.322,3.9945,Perusahaan Sehat
Asuransi Umum,124,PT Great Eastern General Insurance Indonesia,2016,5.69,0.72,0.65,1.97,0.05,0.02,0.06,0.55,2,0.0,4,13,4,3,13,3,1136810730112,0.0106,2.0891,0.3892,0.1330,0.532,3.1432,Perusahaan Sehat
Asuransi Umum,124,PT Great Eastern General Insurance Indonesia,2017,8.77,1.19,0.72,2.61,-0.07,-0.03,-0.12,0.76,2,0.0,4,13,4,3,13,3,1327250439408,0.1798,2.4034,0.2285,-0.3405,0.4017,2.6931,Perusahaan Sehat
Asuransi Umum,124,PT Great Eastern General Insurance Indonesia,2018,7.52,0.69,0.61,1.58,0.06,0.02,0.05,0.76,2,0.0,4,13,4,3,13,3,1242415000000,-0.3921,1.8194,0.2959,0.1464,0.6651,2.9267,Perusahaan Sehat
Asuransi Umum,124,PT Great Eastern General Insurance Indonesia,2019,4.42,2.26,0.56,1.29,0.22,0.01,0.03,0.95,2,0.0,4,11,4,3,11,3,1149812000000,-0.7857,1.1576,0.3771,0.0935,0.8137,2.4419,Area abu-abu
Asuransi Umum,124,PT Great Eastern General Insurance Indonesia,2020,5.19,0.86,0.54,1.17,0.11,0.02,0.04,0.95,2,0.0,4,11,4,4,11,6,1148806000000,1.7752,2.0447,0.4424,0.1991,0.8944,3.5806,Perusahaan Sehat
Asuransi Umum,124,PT Great Eastern General Insurance Indonesia,2021,2.89,0.44,0.53,1.13,0.16,0.03,0.06,0.95,1,0.0,3,8,3,4,8,6,1197031000000,0.0264,1.3471,0.5215,0.2331,0.9314,3.0331,Perusahaan Sehat
Asuransi Umum,124,PT Great Eastern General Insurance Indonesia,2022,4.22,0.42,0.69,2.18,-0.33,-0.04,-0.13,0.95,2,0.0,4,9,4,4,9,6,1513163000000,-0.1342,2.3697,0.2461,-0.3701,0.4812,2.7269,Perusahaan Sehat
Asuransi Umum,124,PT Great Eastern General Insurance Indonesia,2023,3.04,0.78,0.68,2.08,0.11,0.02,0.06,0.95,2,0.0,4,9,4,4,9,6,1580050000000,0.5792,2.5039,0.3017,0.1531,0.5045,3.4631,Perusahaan Sehat
Asuransi Umum,124,PT Great Eastern General Insurance Indonesia,2024,2.71,0.57,0.66,1.91,0.15,0.03,0.09,0.95,2,0.0,3,8,3,3,8,3,1618363000000,0.0931,2.1916,0.3922,0.2140,0.5505,3.3483,Perusahaan Sehat
Asuransi Umum,126,PT Lippo General Insurance Tbk,2016,7.15,0.14,0.48,0.94,0.08,0.04,0.07,0.59,2,0.0,3,9,3,3,9,5,2300958312318,0.0,2.1956,0.7766,0.2510,1.117,4.3401,Perusahaan Sehat
Asuransi Umum,126,PT Lippo General Insurance Tbk,2017,7.6,0.2,0.55,1.21,0.08,0.04,0.09,0.66,2,0.0,3,9,3,3,9,5,2363109344956,0.1166,2.2768,0.8444,0.2753,0.8711,4.2676,Perusahaan Sehat
Asuransi Umum,126,PT Lippo General Insurance Tbk,2018,9.85,0.14,0.65,1.82,0.06,0.03,0.08,0.66,2,0.0,3,9,3,3,9,5,2485186649117,0.0225,2.7986,0.8459,0.2112,0.5755,4.4311,Perusahaan Sehat
Asuransi Umum,126,PT Lippo General Insurance Tbk,2019,8.63,0.13,0.65,1.86,0.07,0.03,0.09,0.66,2,0.0,3,5,3,3,5,5,2423706043201,0.031,2.7689,0.9074,0.2434,0.5656,4.4853,Perusahaan Sehat
Asuransi Umum,126,PT Lippo General Insurance Tbk,2020,7.26,0.13,0.69,2.27,0.08,0.03,0.11,0.66,2,0.0,3,4,3,3,4,5,2815578393095,0.0451,2.8026,0.8535,0.2671,0.4626,4.3857,Perusahaan Sehat
Asuransi Umum,126,PT Lippo General Insurance Tbk,2021,7.59,0.16,0.7,2.35,0.06,0.03,0.11,0.66,2,0.0,3,2,3,4,2,10,2923286260687,0.4373,2.7457,0.8894,0.3385,0.4462,4.4199,Perusahaan Sehat
Asuransi Umum,126,PT Lippo General Insurance Tbk,2022,9.09,0.23,0.75,3.01,0.04,0.03,0.1,0.66,2,0.0,3,2,3,3,2,9,2930664711078,0.1838,3.2449,0.8268,0.2261,0.3484,4.6462,Perusahaan Sehat
Asuransi Umum,126,PT Lippo General Insurance Tbk,2023,5.99,0.09,0.7,2.28,0.01,0.01,0.03,0.59,3,0.0,6,7,6,4,7,12,2769428113972,0.4545,2.703,0.7621,0.0361,0.4601,3.9612,Perusahaan Sehat
Asuransi Umum,126,PT Lippo General Insurance Tbk,2024,3.6,0.04,0.71,2.44,0.02,0.02,0.07,0.59,3,0.0,6,7,6,4,7,12,3074044644967,-0.0619,2.2889,0.744,0.1636,0.4305,3.6269,Perusahaan Sehat
Asuransi Umum,127,PT Malacca Trust Wuwungan Insurance Tbk,2016,0.8,0.0,0.59,1.45,-0.15,-0.02,-0.04,0.0,0,0.0,0,0,0,0,0,0,276987702218,0.0,-0.7593,-0.2411,-0.1704,0.7233,-0.4476,Potensi Bangkrut
Asuransi Umum,127,PT Malacca Trust Wuwungan Insurance Tbk,2017,0.69,0.03,0.55,1.24,-0.1,-0.01,-0.03,0.46,2,0.1028,4,8,4,4,8,7,299619149119,0.0939,-1.11,-0.2587,-0.0706,0.8476,-0.5916,Potensi Bangkrut
Asuransi Umum,127,PT Malacca Trust Wuwungan Insurance Tbk,2018,0.76,0.07,0.6,1.48,0.03,0.0,0.01,0.46,2,0.0716,3,8,3,3,8,6,320972898768,-0.0589,-0.9383,-0.2616,-0.0347,0.7081,-0.5264,Potensi Bangkrut
Asuransi Umum,127,PT Malacca Trust Wuwungan Insurance Tbk,2019,0.83,0.04,0.69,2.25,0.03,0.0,0.01,0.46,2,0.0716,3,5,3,3,5,6,423659163508,0.1098,-0.7601,-0.1934,0.0506,0.4664,-0.4365,Potensi Bangkrut
Asuransi Umum,127,PT Malacca Trust Wuwungan Insurance Tbk,2020,1.01,0.02,0.76,3.12,0.08,0.01,0.02,0.69,2,0.0716,3,5,3,3,5,6,551011466072,-0.0092,0.0465,-0.1308,0.0878,0.3361,0.3396,Potensi Bangkrut
Asuransi Umum,127,PT Malacca Trust Wuwungan Insurance Tbk,2021,0.93,0.01,0.74,2.89,0.11,0.01,0.03,0.69,2,0.0716,3,5,3,3,5,6,534962808558,-0.0921,-0.3549,-0.1113,0.0725,0.3631,-0.0306,Potensi Bangkrut
Asuransi Umum,127,PT Malacca Trust Wuwungan Insurance Tbk,2022,0.88,0.02,0.76,3.12,-0.35,-0.01,-0.03,0.69,2,0.0564,3,5,3,3,5,6,989741834422,-0.2966,-0.6072,-0.197,-0.0735,0.3361,-0.5417,Potensi Bangkrut
Asuransi Umum,127,PT Malacca Trust Wuwungan Insurance Tbk,2023,0.86,0.01,0.83,4.8,0.22,0.01,0.05,0.87,2,0.0564,4,8,4,3,8,6,1627392898057,1.423,-0.7779,-0.0281,0.0457,0.2188,-0.5414,Potensi Bangkrut
Asuransi Umum,127,PT Malacca Trust Wuwungan Insurance Tbk,2024,0.91,0.02,0.86,6.19,0.49,0.03,0.21,0.87,2,0.0564,4,8,4,4,8,7,2562013170057,1.6682,-0.488,0.0783,0.2339,0.1696,-0.0063,Potensi Bangkrut
Asuransi Umum,128,PT Meritz Korindo Insurance,2018,2.99,0.09,0.49,0.49,0.45,0.07,0.07,0.0,0,0.0,0,0,0,0,0,0,351591000000,0.0,2.1076,1.1027,0.5611,2.1321,5.9035,Perusahaan Sehat
Asuransi Umum,128,PT Meritz Korindo Insurance,2019,4.65,0.28,0.6,0.6,0.41,0.04,0.04,0.51,2,0.0,3,0,3,3,0,0,495110000000,-0.0103,3.1513,0.92,0.3565,1.7599,6.1877,Perusahaan Sehat
Asuransi Umum,128,PT Meritz Korindo Insurance,2020,5.09,0.6,0.57,1.34,0.35,0.04,0.08,0.51,2,0.0,3,0,3,3,0,0,508956000000,-0.0036,3.3792,1.0119,0.2963,0.7843,5.4717,Perusahaan Sehat
Asuransi Umum,128,PT Meritz Korindo Insurance,2021,4.35,0.47,0.58,1.37,0.45,0.04,0.1,0.51,2,0.0,3,0,3,3,0,0,575553000000,0.0727,3.0877,1.0313,0.3521,0.7637,5.2348,Perusahaan Sehat
Asuransi Umum,128,PT Meritz Korindo Insurance,2022,8.51,0.41,0.61,1.58,0.51,0.04,0.11,0.51,2,0.0,3,0,3,3,0,0,703772000000,0.0727,3.7591,0.9825,0.3631,0.6625,5.7673,Perusahaan Sehat
Asuransi Umum,128,PT Meritz Korindo Insurance,2023,7.67,0.49,0.62,1.62,0.35,0.03,0.08,0.51,2,0.0,3,0,3,3,0,0,773247000000,0.0985,3.9833,0.9877,0.2301,0.6473,5.8484,Perusahaan Sehat
Asuransi Umum,128,PT Meritz Korindo Insurance,2024,9.94,3.01,0.44,0.79,0.27,0.03,0.05,0.51,2,0.0,3,0,3,3,0,0,553767000000,-0.177,3.4409,1.4651,0.1911,1.3266,6.4237,Perusahaan Sehat
Asuransi Umum,129,PT MNC Asuransi Indonesia,2015,2.36,0.0,0.55,1.2,0.05,0.01,0.03,0.0,0,0.0,0,0,0,0,0,0,335374000000,0.0,1.8677,0.1723,0.1560,0.8754,3.0714,Perusahaan Sehat
Asuransi Umum,129,PT MNC Asuransi Indonesia,2016,4.49,0.19,0.56,1.28,0.06,0.02,0.03,1.0,2,0.0,3,0,3,4,0,0,419115000000,0.2039,2.6293,0.1577,0.0381,0.8208,3.646,Perusahaan Sehat
Asuransi Umum,129,PT MNC Asuransi Indonesia,2017,2.87,0.78,0.65,0.65,-0.0,-0.0,-0.0,1.0,2,0.0,3,0,3,4,0,0,569073000000,0.4509,2.6845,0.1424,0.0801,1.6043,4.5114,Perusahaan Sehat
Asuransi Umum,129,PT MNC Asuransi Indonesia,2018,7.73,0.36,0.58,1.4,0.06,0.02,0.05,1.0,2,0.0,3,0,3,4,0,0,483420000000,0.2572,2.7315,0.2032,0.1877,0.7503,3.8726,Perusahaan Sehat
Asuransi Umum,129,PT MNC Asuransi Indonesia,2019,5.21,0.58,0.66,1.97,0.03,0.01,0.03,1.0,2,0.0,3,0,3,4,0,0,596201000000,0.0231,2.6458,0.1621,0.0559,0.5336,3.3973,Perusahaan Sehat
Asuransi Umum,129,PT MNC Asuransi Indonesia,2020,7.26,0.36,0.65,1.82,0.01,0.0,0.01,1.0,2,0.0,3,0,3,3,0,0,566735000000,-0.0089,2.8788,0.2065,0.1065,0.5772,3.769,Perusahaan Sehat
Asuransi Umum,129,PT MNC Asuransi Indonesia,2021,7.68,1.58,0.65,1.83,0.07,0.02,0.07,1.0,1,0.0,2,0,2,3,0,0,591157000000,0.1076,2.9712,0.244,0.2627,0.5729,4.0508,Perusahaan Sehat
Asuransi Umum,129,PT MNC Asuransi Indonesia,2022,4.35,0.61,0.68,2.11,0.04,0.02,0.05,1.0,2,0.0,3,0,3,3,0,0,635138000000,0.1563,2.5436,0.2582,0.2708,0.4984,3.5711,Perusahaan Sehat
Asuransi Umum,129,PT MNC Asuransi Indonesia,2023,6.16,1.87,0.66,1.95,0.16,0.06,0.18,1.0,2,0.0,3,0,3,4,0,0,678719000000,0.0552,3.1793,0.2704,0.2608,0.539,4.2495,Perusahaan Sehat
Asuransi Umum,129,PT MNC Asuransi Indonesia,2024,3.29,0.3,0.66,1.93,-0.02,-0.01,-0.02,1.0,1,0.0,3,0,3,4,0,0,635835000000,0.1285,2.0879,0.3153,0.1888,0.5431,3.135,Perusahaan Sehat
Asuransi Umum,130,PT Pan Pacific Insurance,2019,4.01,0.13,0.8,4.05,0.0,0.0,0.0,0.0,0,0.0,0,0,0,0,0,0,927221000000,0.0,2.5118,0.4871,0.0195,0.2592,3.2776,Perusahaan Sehat
Asuransi Umum,130,PT Pan Pacific Insurance,2020,8.0,0.26,0.8,3.91,-0.15,-0.04,-0.17,0.55,2,0.0,3,0,3,3,0,0,704994000000,-0.5769,3.1835,0.5149,-0.2237,0.2686,3.7433,Perusahaan Sehat
Asuransi Umum,130,PT Pan Pacific Insurance,2021,10.7,0.95,0.84,5.39,-2.75,-0.18,-1.15,0.55,2,0.0,3,0,3,2,0,0,687707000000,-0.7218,4.0287,-0.0995,-1.4284,0.1949,2.6957,Perusahaan Sehat
Asuransi Umum,130,PT Pan Pacific Insurance,2022,11.4,0.21,0.87,6.49,-0.06,-0.01,-0.1,0.55,2,0.0,3,0,3,3,0,0,490826000000,1.4504,3.9787,-0.1617,-0.1605,0.1619,3.8185,Perusahaan Sehat
Asuransi Umum,130,PT Pan Pacific Insurance,2023,7.29,1.14,0.6,2.65,0.13,0.03,0.13,0.68,2,0.0,3,0,3,3,0,0,587866000000,0.2302,3.0257,-0.0338,0.2167,0.3963,3.605,Perusahaan Sehat
Asuransi Umum,130,PT Pan Pacific Insurance,2024,11.26,1.99,0.57,2.28,0.01,0.0,0.01,0.68,2,0.0,3,0,3,3,0,0,541991000000,0.0083,3.3397,-0.0247,0.0266,0.4599,3.8015,Perusahaan Sehat
Asuransi Umum,131,PT Sompo Insurance Indonesia,2015,2.75,0.11,0.76,3.15,0.21,0.04,0.17,0.0,0,0.0,0,0,0,0,0,0,1654879000000,0.0,2.2227,0.4765,0.3567,0.3337,3.3896,Perusahaan Sehat
Asuransi Umum,131,PT Sompo Insurance Indonesia,2016,3.32,0.27,0.72,2.62,0.14,0.03,0.1,0.8,2,0.0,4,0,4,4,0,0,2081528000000,0.314,2.464,0.4673,0.2360,0.4013,3.5686,Perusahaan Sehat
Asuransi Umum,131,PT Sompo Insurance Indonesia,2017,2.22,0.13,0.72,2.6,-0.05,-0.01,-0.04,0.8,2,0.0,4,0,4,5,0,0,2509102000000,0.3615,1.6153,0.3513,-0.0871,0.4044,2.284,Area abu-abu
Asuransi Umum,131,PT Sompo Insurance Indonesia,2018,2.16,0.12,0.72,2.6,0.04,0.01,0.04,0.8,2,0.0,4,0,4,5,0,0,3176819000000,0.371,1.4191,0.3113,0.0560,0.4032,2.1896,Area abu-abu
Asuransi Umum,131,PT Sompo Insurance Indonesia,2019,2.32,0.09,0.74,2.79,0.1,0.02,0.09,0.8,2,0.0,4,0,4,5,0,0,3778141000000,0.1032,1.6554,0.3364,0.1991,0.3765,2.5674,Area abu-abu
Asuransi Umum,131,PT Sompo Insurance Indonesia,2020,2.55,0.1,0.72,2.6,0.12,0.03,0.1,0.8,2,0.0,4,0,4,5,0,0,3977183000000,0.0846,1.9911,0.4019,0.2624,0.4037,3.0591,Perusahaan Sehat
Asuransi Umum,131,PT Sompo Insurance Indonesia,2021,2.32,0.12,0.7,2.35,0.1,0.02,0.08,0.8,2,0.0,4,0,4,5,0,0,3813210000000,0.0094,1.7597,0.4498,0.2026,0.4468,2.859,Perusahaan Sehat
Asuransi Umum,131,PT Sompo Insurance Indonesia,2022,2.16,0.13,0.73,2.65,0.06,0.02,0.06,0.8,2,0.0,4,0,4,6,0,0,4182576000000,0.0944,1.8202,0.4226,0.1470,0.3967,2.7865,Perusahaan Sehat
Asuransi Umum,131,PT Sompo Insurance Indonesia,2023,2.26,0.18,0.69,2.29,0.09,0.03,0.09,0.8,2,0.0,4,0,4,6,0,0,3974838000000,0.1722,1.5624,0.487,0.2103,0.4591,2.7188,Perusahaan Sehat
Asuransi Umum,131,PT Sompo Insurance Indonesia,2024,1.49,0.15,0.69,2.41,0.14,0.03,0.12,0.8,2,0.0,4,0,4,4,0,0,4478676000000,-0.0378,0.8626,0.4983,0.2435,0.4364,2.0408,Area abu-abu
Asuransi Umum,132,PT Sunday Insurance Indonesia,2016,3.25,0.03,0.61,1.6,-0.06,-0.01,-0.03,0.0,0,0.0,0,0,0,0,0,0,401317000000,0.0,2.1132,-1.4211,-0.1844,0.6582,1.1659,Area abu-abu
Asuransi Umum,132,PT Sunday Insurance Indonesia,2017,3.17,0.05,0.61,1.55,0.02,0.0,0.01,0.99,2,0.0,3,0,3,3,0,0,398393000000,0.1671,2.0572,-1.4315,0.1441,0.6773,1.4472,Area abu-abu
Asuransi Umum,132,PT Sunday Insurance Indonesia,2018,3.17,0.04,0.7,2.33,0.04,0.01,0.03,0.99,2,0.0,3,0,3,3,0,0,424899000000,0.3103,2.3662,-1.5602,0.0304,0.4514,1.2878,Area abu-abu
Asuransi Umum,132,PT Sunday Insurance Indonesia,2019,3.11,0.13,0.7,2.3,0.03,0.01,0.04,0.99,2,0.0,3,0,3,3,0,0,436899000000,0.3775,2.6113,-1.4832,0.1022,0.4568,1.687,Area abu-abu
Asuransi Umum,132,PT Sunday Insurance Indonesia,2020,3.75,0.04,0.77,3.42,0.05,0.01,0.07,0.99,2,0.0,3,0,3,4,0,0,560015000000,0.1522,3.4275,0.0467,0.1457,0.3067,3.9265,Perusahaan Sehat
Asuransi Umum,132,PT Sunday Insurance Indonesia,2021,3.3,0.18,0.82,4.41,0.05,0.02,0.09,0.99,2,0.0,3,0,3,3,0,0,722678000000,0.2295,3.5611,0.0687,0.1384,0.238,4.0062,Perusahaan Sehat
Asuransi Umum,132,PT Sunday Insurance Indonesia,2022,3.51,0.36,0.81,4.18,-0.03,-0.01,-0.07,0.99,2,0.0,3,0,3,3,0,0,647073000000,0.2549,3.6786,0.0343,-0.1210,0.2513,3.8431,Perusahaan Sehat
Asuransi Umum,132,PT Sunday Insurance Indonesia,2023,2.42,0.27,0.83,4.81,-0.07,-0.03,-0.19,0.99,2,0.0,3,0,3,3,0,0,768681000000,0.2605,2.9449,-0.081,-0.2379,0.2184,2.8444,Perusahaan Sehat
Asuransi Umum,132,PT Sunday Insurance Indonesia,2024,3.77,0.23,0.72,2.85,0.01,0.01,0.02,0.99,2,0.0,3,0,3,2,0,0,660490000000,0.6049,3.0087,-0.0771,0.0479,0.369,3.3486,Perusahaan Sehat
Asuransi Umum,133,PT Victoria Insurance Tbk,2015,3.11,0.2,0.22,0.28,0.5,0.08,0.1,0.73,2,0.0,3,5,3,3,5,5,210608052893,0.8428,0.843,0.2627,0.5520,3.7544,5.4121,Perusahaan Sehat
Asuransi Umum,133,PT Victoria Insurance Tbk,2016,3.02,0.09,0.28,0.4,0.21,0.03,0.05,0.73,2,0.0,3,5,3,4,5,6,233874624756,0.1142,1.1216,0.348,0.2366,2.6368,4.3429,Perusahaan Sehat
Asuransi Umum,133,PT Victoria Insurance Tbk,2017,5.18,0.24,0.25,0.34,0.26,0.03,0.05,0.73,2,0.0,3,5,3,4,5,6,253642764681,-0.1087,1.1154,0.4342,0.2255,3.1282,4.9033,Perusahaan Sehat
Asuransi Umum,133,PT Victoria Insurance Tbk,2018,4.08,0.12,0.31,0.46,0.16,0.02,0.02,0.73,2,0.0,3,5,3,3,5,5,262118630829,-0.2528,1.3362,0.4424,0.1229,2.2905,4.192,Perusahaan Sehat
Asuransi Umum,133,PT Victoria Insurance Tbk,2019,4.1,0.1,0.34,0.53,0.83,0.08,0.12,0.73,2,0.0,3,5,3,3,5,5,284170955431,0.0284,1.5555,0.5125,0.5217,1.9997,4.5894,Perusahaan Sehat
Asuransi Umum,133,PT Victoria Insurance Tbk,2020,2.63,0.08,0.43,0.75,0.23,0.02,0.03,0.73,2,0.0,3,5,3,4,5,4,322342387320,0.015,1.752,0.373,0.1323,1.4009,3.6583,Perusahaan Sehat
Asuransi Umum,133,PT Victoria Insurance Tbk,2021,3.19,0.12,0.33,0.48,0.4,0.03,0.05,0.73,2,0.0,3,5,3,4,5,4,356588372475,0.1601,1.4292,0.4058,0.2201,2.1782,4.2333,Perusahaan Sehat
Asuransi Umum,133,PT Victoria Insurance Tbk,2022,2.95,0.19,0.37,0.59,0.29,0.03,0.05,0.73,2,0.0,3,5,3,3,5,3,297046208202,-0.0337,1.4421,0.5276,0.2070,1.7723,3.9491,Perusahaan Sehat
Asuransi Umum,133,PT Victoria Insurance Tbk,2023,2.85,0.12,0.37,0.58,0.13,0.03,0.04,0.73,2,0.0,3,5,3,3,5,3,242935248490,0.7008,1.3577,0.6399,0.1737,1.8063,3.9776,Perusahaan Sehat
Asuransi Umum,133,PT Victoria Insurance Tbk,2024,2.2,0.04,0.37,0.6,0.13,0.03,0.05,0.73,2,0.0,3,5,3,3,5,3,243101289401,0.0814,1.1179,0.7336,0.2056,1.7554,3.8125,Perusahaan Sehat
Asuransi Umum,134,"PT Zurich Asuransi Indonesia, Tbk",2020,4.08,0.0,0.47,0.94,0.15,0.03,0.07,0.0,0,0.0,0,0,0,0,0,0,9083071000000,0.0,1.8959,0.3687,0.2871,1.1207,3.6724,Perusahaan Sehat
Asuransi Umum,134,"PT Zurich Asuransi Indonesia, Tbk",2021,2.22,0.0,0.47,0.95,0.11,0.02,0.05,0.8,3,0.0,6,0,6,6,0,0,8736337000000,-0.1222,1.3777,0.4017,0.1821,1.0998,3.0614,Perusahaan Sehat
Asuransi Umum,134,"PT Zurich Asuransi Indonesia, Tbk",2022,5.16,0.11,0.48,0.99,0.09,0.02,0.03,0.8,5,0.0,8,0,8,6,0,0,9007172000000,-0.036,1.9748,0.4293,0.1974,1.0643,3.6658,Perusahaan Sehat
Asuransi Umum,134,"PT Zurich Asuransi Indonesia, Tbk",2023,4.86,0.13,0.49,1.03,0.05,0.01,0.02,0.8,5,0.0,8,0,8,5,0,0,9230856000000,0.1348,1.7018,0.4114,0.0606,1.0166,3.1903,Perusahaan Sehat
Asuransi Umum,134,"PT Zurich Asuransi Indonesia, Tbk",2024,4.03,0.19,0.49,1.02,0.05,0.01,0.03,0.8,3,0.0,6,0,6,5,0,0,9328004000000,0.2093,1.507,0.4439,0.1228,1.0277,3.1014,Perusahaan Sehat
Asuransi Umum,135,PT Zurich General Takaful Indonesia,2020,4.04,3.92,0.39,0.87,0.15,0.01,0.03,0.0,0,0.0,0,0,0,0,0,0,1619009000000,0.0,3.4196,-0.2531,0.1036,1.2025,4.4725,Perusahaan Sehat
Asuransi Umum,135,PT Zurich General Takaful Indonesia,2021,3.17,2.84,0.46,1.56,0.0,-0.02,-0.06,1.0,3,0.0,4,0,4,3,0,0,1126499000000,0.0,1.8016,-1.5171,-0.1102,0.6746,0.849,Potensi Bangkrut
Asuransi Umum,135,PT Zurich General Takaful Indonesia,2022,1.93,1.5,0.52,2.06,0.03,0.0,0.02,1.0,2,0.0,3,0,3,3,0,0,1304211000000,0.0,0.8687,-1.2936,0.0274,0.5096,0.112,Potensi Bangkrut
Asuransi Umum,135,PT Zurich General Takaful Indonesia,2023,1.35,0.99,0.56,2.55,0.05,0.01,0.05,1.0,2,0.0,3,0,3,3,0,0,1559910000000,0.6393,0.3659,-1.051,0.0689,0.4126,-0.2037,Potensi Bangkrut
Asuransi Umum,135,PT Zurich General Takaful Indonesia,2024,0.73,0.44,0.56,25.1,0.11,0.03,1.14,1.0,2,0.0,3,0,3,3,0,0,1725230000000,0.2485,-0.3108,-0.8652,0.1709,0.0418,-0.9634,Potensi Bangkrut
Reasuransi,136,PT Indoperkasa Suksesjaya Reasuransi,2022,2.02,0.08,0.19,0.23,0.3,0.01,0.02,0.5,1,0.0,3,0,3,3,0,0,381774000000,0.0,0.3424,0.0771,0.0200,4.5972,5.0367,Perusahaan Sehat
Reasuransi,136,PT Indoperkasa Suksesjaya Reasuransi,2023,1.46,0.05,0.58,1.38,0.09,0.02,0.06,0.5,1,0.0,4,13,4,5,13,12,786371000000,10.4097,0.6843,0.1227,0.1706,0.7592,1.7368,Area abu-abu
Reasuransi,136,PT Indoperkasa Suksesjaya Reasuransi,2024,2.11,0.02,0.63,1.69,0.09,0.03,0.08,0.5,1,0.0,3,10,3,5,10,12,1543840000000,1.1784,1.0358,0.1305,0.1379,0.6227,1.9269,Area abu-abu
Reasuransi,137,PT Maskapai Reasuransi Indonesia Tbk.,2016,3.13,0.05,0.59,1.46,0.17,0.08,0.19,0.0,0,0.0,0,0,0,0,0,0,1833551000000,0.0,1.4143,1.1845,0.5855,0.7208,3.905,Perusahaan Sehat
Reasuransi,137,PT Maskapai Reasuransi Indonesia Tbk.,2017,3.25,0.04,0.53,1.12,0.18,0.06,0.12,0.59,1,0.0,3,5,3,4,5,8,2879988000000,0.1023,1.5331,0.9098,0.4318,0.9355,3.8101,Perusahaan Sehat
Reasuransi,137,PT Maskapai Reasuransi Indonesia Tbk.,2018,2.67,0.02,0.59,1.43,0.08,0.02,0.06,0.59,1,0.0,3,5,3,4,5,11,3426618000000,0.0857,1.7676,0.8712,0.3164,0.7346,3.6899,Perusahaan Sehat
Reasuransi,137,PT Maskapai Reasuransi Indonesia Tbk.,2019,2.73,0.06,0.59,1.45,0.17,0.05,0.13,0.59,1,0.0,3,5,3,4,5,11,3915599000000,0.2391,1.7123,0.8884,0.3317,0.7218,3.6542,Perusahaan Sehat
Reasuransi,137,PT Maskapai Reasuransi Indonesia Tbk.,2020,2.57,0.03,0.58,1.39,0.15,0.04,0.11,0.65,1,0.0,3,10,3,4,10,10,4203345000000,0.0264,1.3908,0.8918,0.1803,0.7532,3.2162,Perusahaan Sehat
Reasuransi,137,PT Maskapai Reasuransi Indonesia Tbk.,2021,2.35,0.02,0.65,1.88,-0.27,-0.09,-0.25,0.65,1,0.0,3,10,3,5,10,11,3981209000000,0.0072,1.1962,0.6828,-0.5007,0.5589,1.9373,Area abu-abu
Reasuransi,137,PT Maskapai Reasuransi Indonesia Tbk.,2022,3.35,0.01,0.67,2.07,0.01,0.0,0.01,0.65,1,0.0,3,10,3,5,10,11,4286126000000,0.0413,1.585,0.6627,0.0680,0.5077,2.8234,Perusahaan Sehat
Reasuransi,137,PT Maskapai Reasuransi Indonesia Tbk.,2023,5.3,0.02,0.7,2.3,0.04,0.01,0.04,0.6,1,0.0,3,10,3,5,10,11,4772681000000,0.1229,2.0088,0.6321,0.0987,0.4568,3.1965,Perusahaan Sehat
Reasuransi,137,PT Maskapai Reasuransi Indonesia Tbk.,2024,5.09,0.01,0.71,2.42,0.01,0.0,0.01,0.59,1,0.0,3,10,3,3,10,7,4965832000000,0.1114,1.9112,0.6326,0.0550,0.4344,3.0331,Perusahaan Sehat
Reasuransi,138,PT Orion Reasuransi Indonesia,2024,4.28,0.0,0.05,0.06,1.76,0.03,0.03,1.0,2,0.0,3,5,3,3,5,7,548427000000,0.0,0.2568,0.0774,0.0517,18.9823,19.3682,Perusahaan Sehat
Reasuransi,139,PT Reasuransi Indonesia Utama (Persero),2015,0.57,0.02,0.71,2.45,0.08,0.03,0.11,1.0,0,0.0,3,5,3,2,5,6,6542316085964,0.7331,-1.6372,0.3182,0.2171,0.4291,-0.6727,Potensi Bangkrut
Reasuransi,139,PT Reasuransi Indonesia Utama (Persero),2016,0.6,0.02,0.67,2.02,0.08,0.04,0.11,1.0,1,0.0,4,13,4,4,13,13,7102552587845,0.2895,-1.5123,0.3141,0.2709,0.5194,-0.4079,Potensi Bangkrut
Reasuransi,139,PT Reasuransi Indonesia Utama (Persero),2017,0.56,0.04,0.64,1.8,0.04,0.02,0.05,1.0,1,0.0,4,13,4,4,13,13,8087703411676,0.1049,-1.6533,0.3237,0.1362,0.5818,-0.6118,Potensi Bangkrut
Reasuransi,139,PT Reasuransi Indonesia Utama (Persero),2018,0.55,0.01,0.67,1.99,0.05,0.02,0.07,1.0,1,0.0,4,13,4,4,13,13,8691696386615,0.0592,-1.776,0.3932,0.1551,0.5271,-0.7006,Potensi Bangkrut
Reasuransi,139,PT Reasuransi Indonesia Utama (Persero),2019,0.6,0.04,0.67,2.03,0.05,0.02,0.07,1.0,1,0.0,4,13,4,3,13,9,9783822105104,0.0602,-1.6357,0.4188,0.1591,0.5167,-0.5411,Potensi Bangkrut
Reasuransi,139,PT Reasuransi Indonesia Utama (Persero),2020,0.59,0.02,0.67,2.06,0.02,0.01,0.03,1.0,1,0.0,4,13,4,5,13,11,10491570839836,-0.0046,-1.6622,0.4258,0.0607,0.5099,-0.6658,Potensi Bangkrut
Reasuransi,139,PT Reasuransi Indonesia Utama (Persero),2021,0.55,0.02,0.75,3.04,-0.13,-0.05,-0.19,1.0,2,0.0,4,15,4,5,15,13,11125019322948,-0.0926,-2.0254,0.2482,-0.3434,0.3453,-1.7752,Potensi Bangkrut
Reasuransi,139,PT Reasuransi Indonesia Utama (Persero),2022,0.55,0.01,0.77,3.44,-0.05,-0.02,-0.09,1.0,3,0.0,5,16,5,5,16,13,11382483837823,0.0532,-2.1612,0.1844,-0.1435,0.3055,-1.8149,Potensi Bangkrut
Reasuransi,139,PT Reasuransi Indonesia Utama (Persero),2023,0.63,0.02,0.81,4.25,0.02,0.0,0.02,1.0,3,0.0,5,16,5,5,16,13,14206716404940,-0.1875,-1.8595,0.1547,0.0041,0.247,-1.4536,Potensi Bangkrut
Reasuransi,139,PT Reasuransi Indonesia Utama (Persero),2024,0.61,0.02,0.83,5.06,0.02,0.0,0.03,1.0,3,0.0,3,10,3,5,10,13,15296696649798,0.0352,-2.002,0.1607,0.0045,0.2076,-1.6292,Potensi Bangkrut
Reasuransi,140,PT Reasuransi Maipark Indonesia,2015,2.47,0.08,0.36,0.56,0.34,0.14,0.21,0.45,1,0.0,5,11,5,3,11,3,488607000000,0.3702,0.9861,1.759,1.1706,1.8844,5.8001,Perusahaan Sehat
Reasuransi,140,PT Reasuransi Maipark Indonesia,2016,2.42,0.11,0.28,0.39,0.38,0.14,0.19,0.45,1,0.0,4,8,4,3,8,3,513507000000,-0.0484,0.6132,2.0229,1.1504,2.6754,6.462,Perusahaan Sehat
Reasuransi,140,PT Reasuransi Maipark Indonesia,2017,2.47,0.11,0.27,0.37,0.55,0.13,0.18,0.45,1,0.0,4,8,4,3,8,3,589348000000,-0.2422,0.6911,2.104,1.0745,2.8455,6.7151,Perusahaan Sehat
Reasuransi,140,PT Reasuransi Maipark Indonesia,2018,6.98,0.06,0.55,1.21,0.18,0.03,0.06,0.45,1,0.0,5,7,5,3,7,10,980249000000,0.0835,2.5339,1.2999,0.2465,0.8647,4.945,Perusahaan Sehat
Reasuransi,140,PT Reasuransi Maipark Indonesia,2019,3.24,0.04,0.41,0.71,0.43,0.08,0.13,0.45,1,0.0,5,7,5,3,7,10,864815000000,-0.0007,1.2008,1.7109,0.6016,1.4853,4.9986,Perusahaan Sehat
Reasuransi,140,PT Reasuransi Maipark Indonesia,2020,2.39,0.04,0.29,0.41,0.63,0.1,0.14,0.45,1,0.0,5,7,5,3,7,10,822014000000,-0.1257,0.6236,2.1059,0.7942,2.5734,6.0971,Perusahaan Sehat
Reasuransi,140,PT Reasuransi Maipark Indonesia,2021,2.91,0.08,0.29,0.4,0.43,0.05,0.07,0.44,1,0.0,5,7,5,3,7,10,871603000000,-0.2058,0.7653,2.1275,0.3775,2.6108,5.8811,Perusahaan Sehat
Reasuransi,140,PT Reasuransi Maipark Indonesia,2022,2.13,0.05,0.3,0.42,0.36,0.04,0.06,0.44,1,0.0,5,7,5,3,7,10,935775000000,0.072,0.5242,2.1089,0.3913,2.4891,5.5134,Perusahaan Sehat
Reasuransi,140,PT Reasuransi Maipark Indonesia,2023,1.81,0.05,0.29,0.4,0.61,0.07,0.09,0.44,1,0.0,5,7,5,3,7,10,1015192000000,-0.0035,0.4109,2.1514,0.5272,2.625,5.7145,Perusahaan Sehat
Reasuransi,140,PT Reasuransi Maipark Indonesia,2024,2.67,0.02,0.27,0.36,0.49,0.06,0.08,0.44,0,0.0,3,7,3,3,7,7,1053668000000,0.1511,0.6231,2.228,0.5338,2.8906,6.2754,Perusahaan Sehat
Reasuransi,141,PT Reasuransi Nasional Indonesia,2015,8.04,0.09,0.71,2.46,0.12,0.06,0.21,1.0,1,0.0,3,7,3,3,7,7,4116425000000,0.4774,2.1342,0.5107,0.4819,0.4269,3.5536,Perusahaan Sehat
Reasuransi,141,PT Reasuransi Nasional Indonesia,2016,11.73,0.03,0.7,2.36,0.14,0.07,0.24,1.0,2,0.0,4,13,4,2,13,6,4799748000000,0.1284,2.5941,0.598,0.5706,0.4453,4.2081,Perusahaan Sehat
Reasuransi,141,PT Reasuransi Nasional Indonesia,2018,5.17,0.02,0.67,2.13,0.08,0.05,0.16,1.0,2,0.0,4,16,4,4,16,10,5493920000000,0.0,1.8454,0.1662,0.4212,0.4924,2.9252,Perusahaan Sehat
Reasuransi,141,PT Reasuransi Nasional Indonesia,2019,2.47,0.04,0.68,2.16,0.07,0.06,0.19,1.0,1,0.0,3,10,3,4,10,10,6324607000000,0.3538,0.7614,0.1897,0.4618,0.4857,1.8986,Area abu-abu
Reasuransi,141,PT Reasuransi Nasional Indonesia,2020,1.54,0.07,0.94,10.43,-0.11,-0.07,-0.76,1.0,2,0.0,4,11,4,4,11,10,7987733000000,-0.0353,0.3946,-0.3976,-0.5638,0.1006,-0.4661,Potensi Bangkrut
Reasuransi,141,PT Reasuransi Nasional Indonesia,2021,1.86,0.11,1.06,1641.97,-0.13,-0.07,-109.05,1.0,2,0.0,4,11,4,4,11,10,10521525000000,0.1732,0.5269,-0.5313,-0.6368,0.0006,-0.6405,Potensi Bangkrut
Reasuransi,141,PT Reasuransi Nasional Indonesia,2022,1.41,0.03,1.08,107.55,0.02,0.01,1.46,1.0,2,0.0,4,11,4,4,11,10,11650082000000,0.4104,0.3129,-0.432,0.1416,0.0098,0.0323,Potensi Bangkrut
Reasuransi,141,PT Reasuransi Nasional Indonesia,2023,1.21,0.02,1.17,-3976.61,0.24,0.11,-374.19,1.0,2,0.0,4,11,4,2,11,6,11119311000000,-0.3516,0.234,-0.4918,0.8081,-0.0003,0.55,Potensi Bangkrut
Reasuransi,141,PT Reasuransi Nasional Indonesia,2024,2.1,0.05,1.32,-5.97,-0.48,-0.15,0.68,1.0,2,0.0,4,11,4,4,11,6,9361527000000,-0.4257,1.2077,-0.4938,-1.2079,-0.1758,-0.6699,Potensi Bangkrut
Reasuransi,142,PT Reasuransi Nusantara Makmur,2017,1.46,0.0,0.0,0.0,0.0,0.0,0.0,0.99,0,0.0,3,0,3,3,0,0,392736000000,0.0,0.2548,0.0847,0.1786,3.9465,4.4646,Perusahaan Sehat
Reasuransi,142,PT Reasuransi Nusantara Makmur,2019,3.74,0.02,0.61,1.58,0.0,0.0,0.0,0.99,1,0.0,4,0,4,3,0,0,1168609000000,0.0,2.204,0.4259,0.5100,0.6639,3.8038,Perusahaan Sehat
Reasuransi,142,PT Reasuransi Nusantara Makmur,2020,2.83,0.01,0.7,2.32,0.29,0.08,0.28,0.99,1,0.0,4,0,4,3,0,0,2088765000000,1.6846,2.6477,0.5138,0.5594,0.4526,4.1735,Perusahaan Sehat
Reasuransi,142,PT Reasuransi Nusantara Makmur,2021,17.46,0.58,0.71,2.45,0.08,0.03,0.09,0.99,1,0.0,4,0,4,3,0,0,1864949000000,0.057,3.7617,0.4197,0.1905,0.428,4.7999,Perusahaan Sehat
Reasuransi,142,PT Reasuransi Nusantara Makmur,2022,2.93,0.0,0.81,4.18,0.1,0.02,0.08,0.99,1,0.0,4,0,4,3,0,0,3039089000000,-0.2847,3.047,0.3178,0.1363,0.2511,3.7522,Perusahaan Sehat
Reasuransi,142,PT Reasuransi Nusantara Makmur,2023,3.48,0.03,0.78,3.55,0.21,0.03,0.14,0.99,1,0.0,4,0,4,3,0,0,3090740000000,-0.0363,2.9515,0.4018,0.2133,0.2954,3.8619,Perusahaan Sehat
Reasuransi,142,PT Reasuransi Nusantara Makmur,2024,3.18,0.0,0.72,2.58,0.41,0.07,0.25,0.99,2,0.0,3,0,3,3,0,0,3235975000000,0.2658,2.5984,0.6249,0.5840,0.4067,4.214,Perusahaan Sehat
Reasuransi,144,PT Tugu Reasuransi Indonesia,2017,8.32,0.25,0.69,2.28,0.23,0.07,0.23,0.0,0,0.0,0,0,0,0,0,0,3465727000000,0.0,2.8297,0.4973,0.4457,0.4609,4.2335,Perusahaan Sehat
Reasuransi,144,PT Tugu Reasuransi Indonesia,2018,12.9,0.05,0.74,2.89,-0.1,-0.03,-0.13,0.65,1,0.0,4,0,4,5,0,0,3558941000000,0.1263,2.9227,0.4137,-0.1938,0.3627,3.5054,Perusahaan Sehat
Reasuransi,144,PT Tugu Reasuransi Indonesia,2019,19.11,0.06,0.71,2.48,0.11,0.03,0.1,0.51,1,0.0,4,0,4,4,0,0,4941031000000,0.0637,3.2475,0.3674,0.1740,0.4236,4.2125,Perusahaan Sehat
Reasuransi,144,PT Tugu Reasuransi Indonesia,2020,15.23,0.07,0.68,2.17,0.02,0.0,0.01,0.51,1,0.0,4,0,4,4,0,0,4450772000000,-0.1231,3.0343,0.3941,0.0369,0.485,3.9503,Perusahaan Sehat
Reasuransi,144,PT Tugu Reasuransi Indonesia,2021,12.32,0.08,0.67,2.06,0.02,0.01,0.02,0.51,0,0.0,4,0,4,4,0,0,4351906000000,0.0598,2.6931,0.4157,0.0324,0.5094,3.6505,Perusahaan Sehat
Reasuransi,144,PT Tugu Reasuransi Indonesia,2022,15.15,0.79,0.71,2.49,0.08,0.02,0.06,0.51,0,0.0,4,0,4,4,0,0,5241287000000,0.0645,2.8583,0.4014,0.1386,0.4223,3.8206,Perusahaan Sehat
Reasuransi,144,PT Tugu Reasuransi Indonesia,2023,13.89,0.87,0.76,3.12,-0.03,-0.01,-0.02,0.51,0,0.0,4,0,4,4,0,0,5915931000000,0.0505,2.6763,0.1101,-0.0845,0.3371,3.039,Perusahaan Sehat
Reasuransi,144,PT Tugu Reasuransi Indonesia,2024,10.35,0.43,0.74,2.9,0.05,0.01,0.06,0.51,0,0.0,4,0,4,4,0,0,5942450000000,0.2687,2.0309,0.1681,0.1087,0.3621,2.6699,Perusahaan Sehat
Asuransi Wajib,145,PT ASABRI (Persero),2015,4.09,0.5,0.94,16.79,0.08,0.01,0.19,1.0,0,0.0,4,16,4,4,16,5,32312555000000,0.197,1.0817,0.1898,0.0723,0.0625,1.4063,Area abu-abu
Asuransi Wajib,145,PT ASABRI (Persero),2016,13.2,0.06,0.96,21.86,0.1,0.01,0.34,1.0,0,0.0,4,16,4,4,16,5,36595437000000,0.2428,4.5262,0.216,0.1039,0.048,4.8941,Perusahaan Sehat
Asuransi Wajib,145,PT ASABRI (Persero),2017,9.73,0.07,0.97,36.76,0.21,0.02,0.8,1.0,0,0.0,4,16,4,4,16,5,44801865000000,-0.1279,2.2216,0.1279,0.1447,0.0286,2.5228,Area abu-abu
Asuransi Sosial,147,BPJS Kesehatan,2015,7.91,7.91,0.17,0.2,0.0,0.0,0.0,1.0,0,0.0,0,0,0,8,0,0,12150125000000,0.0,3.5977,-1.3219,0,5.2221,7.4978,Perusahaan Sehat
Asuransi Sosial,147,BPJS Kesehatan,2016,8.24,3.93,0.15,0.18,0.0,0.0,0.0,1.0,0,0.0,0,0,0,8,0,0,12167652000000,0.0,2.1485,-3.08,0,5.9586,5.0271,Perusahaan Sehat
Asuransi Sosial,147,BPJS Kesehatan,2017,7.45,3.03,0.19,0.24,0.0,0.0,0.0,1.0,0,0.0,0,0,0,8,0,0,12600792000000,0.0,2.3273,-3.0204,0,4.3773,3.6842,Perusahaan Sehat
Asuransi Sosial,147,BPJS Kesehatan,2018,8.4,3.47,0.2,0.25,0.0,0.0,0.0,1.0,0,0.0,0,0,0,8,0,0,12690713000000,0.0,2.6017,-3.0103,0,4.1416,3.733,Perusahaan Sehat
Asuransi Sosial,147,BPJS Kesehatan,2019,9.15,1.53,0.22,0.29,0.0,0.0,0.0,1.0,0,0.0,0,0,0,8,0,0,13262092000000,0.0,2.5934,-2.8387,0,3.656,3.4108,Perusahaan Sehat
Asuransi Sosial,147,BPJS Kesehatan,2020,10.42,2.25,0.24,0.32,0.0,0.0,0.0,1.0,0,0.0,0,0,0,8,0,0,13372478000000,0.0,2.6513,-2.8508,0,3.3241,3.1245,Perusahaan Sehat
Asuransi Sosial,147,BPJS Kesehatan,2021,14.13,6.83,0.24,0.32,0.0,0.0,0.0,1.0,0,0.0,0,0,0,8,0,0,13991723000000,0.0,3.4707,-2.6122,0,3.3214,4.1799,Perusahaan Sehat
Asuransi Sosial,147,BPJS Kesehatan,2022,4.53,2.26,0.24,0.32,0.0,0.0,0.0,1.0,0,0.0,0,0,0,8,0,0,14146679000000,0.0,2.7714,-2.5525,0,3.3278,3.5467,Perusahaan Sehat
Asuransi Sosial,147,BPJS Kesehatan,2023,10.84,3.23,0.2,0.25,0.0,0.0,0.0,1.0,0,0.0,0,0,0,8,0,0,12884607000000,0.0,3.1261,-2.9143,0,4.1623,4.374,Perusahaan Sehat
Asuransi Sosial,147,BPJS Kesehatan,2024,11.61,3.5,0.21,0.27,0.0,0.0,0.0,1.0,0,0.0,0,0,0,8,0,0,13457903000000,0.0,3.0555,-2.7193,0,3.8639,4.2,Perusahaan Sehat
Asuransi Sosial,148,BPJS Ketenagakerjaan,2015,8.0,1.36,0.2,0.24,0.2,0.06,0.07,1.0,0,0.0,0,0,0,7,0,0,11080636000000,0.2888,3.7872,0.0354,0.5029,4.3173,8.6428,Perusahaan Sehat
Asuransi Sosial,148,BPJS Ketenagakerjaan,2016,5.2,0.76,0.22,0.28,0.23,0.08,0.1,1.0,0,0.0,0,0,0,7,0,0,13369971000000,0.4903,2.8386,0.1739,0.7251,3.7165,7.4541,Perusahaan Sehat
Asuransi Sosial,148,BPJS Ketenagakerjaan,2017,6.4,0.96,0.18,0.21,0.27,0.09,0.11,1.0,0,0.0,0,0,0,7,0,0,14455702000000,0.016,2.7172,0.3241,0.7849,4.9386,8.7649,Perusahaan Sehat
Asuransi Sosial,148,BPJS Ketenagakerjaan,2018,6.67,1.05,0.18,0.22,0.11,0.03,0.04,1.0,0,0.0,0,0,0,7,0,0,14924414000000,-0.0308,3.0293,0.443,0.3572,4.7681,8.5976,Perusahaan Sehat
Asuransi Sosial,148,BPJS Ketenagakerjaan,2019,4.69,0.87,0.22,0.28,0.07,0.02,0.03,1.0,0,0.0,0,0,0,7,0,0,15837343000000,0.0201,2.5038,0.4128,0.2404,3.6934,6.8504,Perusahaan Sehat
Asuransi Sosial,148,BPJS Ketenagakerjaan,2020,5.37,0.89,0.23,0.3,0.02,0.0,0.01,1.0,0,0.0,0,0,0,7,0,0,15801971000000,-0.1372,2.5175,0.425,0.1898,3.544,6.6763,Perusahaan Sehat
Asuransi Sosial,148,BPJS Ketenagakerjaan,2021,5.29,1.05,0.25,0.33,0.01,0.0,0.0,1.0,0,0.0,0,0,0,7,0,0,16149482000000,0.1508,2.8335,0.4275,0.0796,3.2158,6.5564,Perusahaan Sehat
Asuransi Sosial,148,BPJS Ketenagakerjaan,2022,4.86,0.99,0.22,0.28,0.01,0.0,0.0,1.0,0,0.0,0,0,0,7,0,0,16468014000000,-0.0317,2.379,0.4487,0.0714,3.6915,6.5906,Perusahaan Sehat
Asuransi Sosial,148,BPJS Ketenagakerjaan,2023,5.77,0.07,0.26,0.35,0.1,0.03,0.04,1.0,0,0.0,0,0,0,7,0,0,16787071000000,0.058,2.4883,0.5276,0.2387,3.0053,6.2599,Perusahaan Sehat
Asuransi Sosial,148,BPJS Ketenagakerjaan,2024,6.82,1.14,0.25,0.34,0.05,0.02,0.02,1.0,0,0.0,0,0,0,7,0,0,16807910000000,0.0782,2.3379,0.5854,0.1508,3.0779,6.152,Perusahaan Sehat
